Programa de Fidelidade,Quantidade de Milhas,Data de Aquisição,Data de Expiração,Valor Estimado por Milha,Origem da Milha
Smiles,50000,2025-01-15,2026-07-15,0.021,Cartão de Crédito
Latam Pass,30000,2025-02-01,2026-08-01,0.023,Voo
TudoAzul,75000,2025-03-10,2026-09-10,0.020,Compra Bonificada
Smiles,20000,2025-04-20,2026-10-20,0.022,Cartão de Crédito
Latam Pass,45000,2025-05-05,2026-11-05,0.024,Voo
TudoAzul,10000,2025-06-12,2026-12-12,0.019,Cartão de Crédito
Smiles,60000,2025-07-01,2027-01-01,0.021,Compra Bonificada
Latam Pass,35000,2025-08-22,2027-02-22,0.022,Voo
TudoAzul,80000,2025-09-03,2027-03-03,0.020,Compra Bonificada
Smiles,25000,2025-10-18,2027-04-18,0.023,Cartão de Crédito
Latam Pass,55000,2025-11-07,2027-05-07,0.025,Voo
TudoAzul,15000,2025-12-25,2027-06-25,0.018,Cartão de Crédito
Smiles,70000,2026-01-05,2027-07-05,0.022,Compra Bonificada
Latam Pass,40000,2026-02-14,2027-08-14,0.023,Voo
TudoAzul,90000,2026-03-21,2027-09-21,0.021,Compra Bonificada
Smiles,30000,2026-04-01,2027-10-01,0.024,Cartão de Crédito
Latam Pass,65000,2026-05-19,2027-11-19,0.026,Voo
TudoAzul,20000,2026-06-30,2027-12-30,0.019,Cartão de Crédito
Smiles,85000,2026-07-10,2028-01-10,0.023,Compra Bonificada
Latam Pass,50000,2026-08-08,2028-02-08,0.024,Voo
TudoAzul,100000,2026-09-17,2028-03-17,0.022,Compra Bonificada
Smiles,40000,2026-10-29,2028-04-29,0.025,Cartão de Crédito
Latam Pass,75000,2026-11-11,2028-05-11,0.027,Voo
TudoAzul,25000,2026-12-01,2028-06-01,0.020,Cartão de Crédito
Smiles,95000,2027-01-20,2028-07-20,0.024,Compra Bonificada
Latam Pass,60000,2027-02-09,2028-08-09,0.025,Voo
TudoAzul,110000,2027-03-04,2028-09-04,0.023,Compra Bonificada
Smiles,45000,2027-04-14,2028-10-14,0.026,Cartão de Crédito
Latam Pass,80000,2027-05-23,2028-11-23,0.028,Voo
TudoAzul,30000,2027-06-06,2028-12-06,0.021,Cartão de Crédito
Smiles,105000,2027-07-16,2029-01-16,0.025,Compra Bonificada
Latam Pass,70000,2027-08-25,2029-02-25,0.026,Voo
TudoAzul,120000,2027-09-09,2029-03-09,0.024,Compra Bonificada
Smiles,50000,2027-10-02,2029-04-02,0.027,Cartão de Crédito
Latam Pass,85000,2027-11-15,2029-05-15,0.029,Voo
TudoAzul,35000,2027-12-08,2029-06-08,0.022,Cartão de Crédito
Smiles,115000,2028-01-28,2029-07-28,0.026,Compra Bonificada
Latam Pass,75000,2028-02-17,2029-08-17,0.027,Voo
TudoAzul,130000,2028-03-12,2029-09-12,0.025,Compra Bonificada
Smiles,55000,2028-04-05,2029-10-05,0.028,Cartão de Crédito
Latam Pass,90000,2028-05-28,2029-11-28,0.030,Voo
TudoAzul,40000,2028-06-18,2029-12-18,0.023,Cartão de Crédito
Smiles,125000,2028-07-07,2030-01-07,0.027,Compra Bonificada
Latam Pass,80000,2028-08-16,2030-02-16,0.028,Voo
TudoAzul,140000,2028-09-26,2030-03-26,0.026,Compra Bonificada
Smiles,60000,2028-10-09,2030-04-09,0.029,Cartão de Crédito
Latam Pass,95000,2028-11-20,2030-05-20,0.031,Voo
TudoAzul,45000,2028-12-03,2030-06-03,0.024,Cartão de Crédito
Smiles,135000,2029-01-13,2030-07-13,0.028,Compra Bonificada
Latam Pass,85000,2029-02-02,2030-08-02,0.029,Voo
TudoAzul,150000,2029-03-22,2030-09-22,0.027,Compra Bonificada
Smiles,65000,2029-04-11,2030-10-11,0.030,Cartão de Crédito
Latam Pass,100000,2029-05-01,2030-11-01,0.032,Voo
TudoAzul,50000,2029-06-20,2030-12-20,0.025,Cartão de Crédito
Smiles,145000,2029-07-30,2031-01-30,0.029,Compra Bonificada
Latam Pass,90000,2029-08-19,2031-02-19,0.030,Voo
TudoAzul,160000,2029-09-01,2031-03-01,0.028,Compra Bonificada
Smiles,70000,2029-10-10,2031-04-10,0.031,Cartão de Crédito
Latam Pass,105000,2029-11-29,2031-05-29,0.033,Voo
TudoAzul,55000,2029-12-19,2031-06-19,0.026,Cartão de Crédito
Smiles,155000,2030-01-08,2031-07-08,0.030,Compra Bonificada
Latam Pass,95000,2030-02-27,2031-08-27,0.031,Voo
TudoAzul,170000,2030-03-18,2031-09-18,0.029,Compra Bonificada
Smiles,75000,2030-04-07,2031-10-07,0.032,Cartão de Crédito
Latam Pass,110000,2030-05-16,2031-11-16,0.034,Voo
TudoAzul,60000,2030-06-25,2031-12-25,0.027,Cartão de Crédito
Smiles,165000,2030-07-05,2032-01-05,0.031,Compra Bonificada
Latam Pass,100000,2030-08-14,2032-02-14,0.032,Voo
TudoAzul,180000,2030-09-24,2032-03-24,0.030,Compra Bonificada
Smiles,80000,2030-10-03,2032-04-03,0.033,Cartão de Crédito
Latam Pass,115000,2030-11-22,2032-05-22,0.035,Voo
TudoAzul,65000,2030-12-12,2032-06-12,0.028,Cartão de Crédito
Smiles,175000,2031-01-22,2032-07-22,0.032,Compra Bonificada
Latam Pass,105000,2031-02-11,2032-08-11,0.033,Voo
TudoAzul,190000,2031-03-06,2032-09-06,0.031,Compra Bonificada
Smiles,85000,2031-04-16,2032-10-16,0.034,Cartão de Crédito
Latam Pass,120000,2031-05-05,2032-11-05,0.036,Voo
TudoAzul,70000,2031-06-15,2032-12-15,0.029,Cartão de Crédito
Smiles,185000,2031-07-25,2033-01-25,0.033,Compra Bonificada
Latam Pass,110000,2031-08-04,2033-02-04,0.034,Voo
TudoAzul,200000,2031-09-13,2033-03-13,0.032,Compra Bonificada
Smiles,90000,2031-10-24,2033-04-24,0.035,Cartão de Crédito
Latam Pass,125000,2031-11-02,2033-05-02,0.037,Voo
TudoAzul,75000,2031-12-21,2033-06-21,0.030,Cartão de Crédito
Smiles,195000,2032-01-31,2033-07-31,0.034,Compra Bonificada
Latam Pass,115000,2032-02-20,2033-08-20,0.035,Voo
TudoAzul,210000,2032-03-15,2033-09-15,0.033,Compra Bonificada
Smiles,95000,2032-04-04,2033-10-04,0.036,Cartão de Crédito
Latam Pass,130000,2032-05-13,2033-11-13,0.038,Voo
TudoAzul,80000,2032-06-22,2033-12-22,0.031,Cartão de Crédito
Smiles,205000,2032-07-02,2034-01-02,0.035,Compra Bonificada
Latam Pass,120000,2032-08-11,2034-02-11,0.036,Voo
TudoAzul,220000,2032-09-20,2034-03-20,0.034,Compra Bonificada
Smiles,100000,2032-10-31,2034-04-31,0.037,Cartão de Crédito
Latam Pass,135000,2032-11-09,2034-05-09,0.039,Voo
TudoAzul,85000,2032-12-28,2034-06-28,0.032,Cartão de Crédito
Smiles,215000,2033-01-18,2034-07-18,0.036,Compra Bonificada
Latam Pass,125000,2033-02-07,2034-08-07,0.037,Voo
TudoAzul,230000,2033-03-02,2034-09-02,0.035,Compra Bonificada
Smiles,105000,2033-04-12,2034-10-12,0.038,Cartão de Crédito
Latam Pass,140000,2033-05-21,2034-11-21,0.040,Voo
TudoAzul,90000,2033-06-04,2034-12-04,0.033,Cartão de Crédito
Smiles,225000,2033-07-14,2035-01-14,0.037,Compra Bonificada
Latam Pass,130000,2033-08-23,2035-02-23,0.038,Voo
TudoAzul,240000,2033-09-07,2035-03-07,0.036,Compra Bonificada
Smiles,110000,2033-10-01,2035-04-01,0.039,Cartão de Crédito
Latam Pass,145000,2033-11-10,2035-05-10,0.041,Voo
TudoAzul,95000,2033-12-20,2035-06-20,0.034,Cartão de Crédito
Smiles,235000,2034-01-30,2035-07-30,0.038,Compra Bonificada
Latam Pass,135000,2034-02-19,2035-08-19,0.039,Voo
TudoAzul,250000,2034-03-14,2035-09-14,0.037,Compra Bonificada
Smiles,115000,2034-04-03,2035-10-03,0.040,Cartão de Crédito
Latam Pass,150000,2034-05-12,2035-11-12,0.042,Voo
TudoAzul,100000,2034-06-21,2035-12-21,0.035,Cartão de Crédito
Smiles,245000,2034-07-01,2036-01-01,0.039,Compra Bonificada
Latam Pass,140000,2034-08-10,2036-02-10,0.040,Voo
TudoAzul,260000,2034-09-19,2036-03-19,0.038,Compra Bonificada
Smiles,120000,2034-10-28,2036-04-28,0.041,Cartão de Crédito
Latam Pass,155000,2034-11-08,2036-05-08,0.043,Voo
TudoAzul,105000,2034-12-27,2036-06-27,0.036,Cartão de Crédito
Smiles,255000,2035-01-17,2036-07-17,0.040,Compra Bonificada
Latam Pass,145000,2035-02-06,2036-08-06,0.041,Voo
TudoAzul,270000,2035-03-01,2036-09-01,0.039,Compra Bonificada
Smiles,125000,2035-04-11,2036-10-11,0.042,Cartão de Crédito
Latam Pass,160000,2035-05-20,2036-11-20,0.044,Voo
TudoAzul,110000,2035-06-03,2036-12-03,0.037,Cartão de Crédito
Smiles,265000,2035-07-13,2037-01-13,0.041,Compra Bonificada
Latam Pass,150000,2035-08-22,2037-02-22,0.042,Voo
TudoAzul,280000,2035-09-06,2037-03-06,0.040,Compra Bonificada
Smiles,130000,2035-10-30,2037-04-30,0.043,Cartão de Crédito
Latam Pass,165000,2035-11-09,2037-05-09,0.045,Voo
TudoAzul,115000,2035-12-19,2037-06-19,0.038,Cartão de Crédito
Smiles,275000,2036-01-29,2037-07-29,0.042,Compra Bonificada
Latam Pass,155000,2036-02-18,2037-08-18,0.043,Voo
TudoAzul,290000,2036-03-13,2037-09-13,0.041,Compra Bonificada
Smiles,135000,2036-04-02,2037-10-02,0.044,Cartão de Crédito
Latam Pass,170000,2036-05-11,2037-11-11,0.046,Voo
TudoAzul,120000,2036-06-20,2037-12-20,0.039,Cartão de Crédito
Smiles,285000,2036-07-30,2038-01-30,0.043,Compra Bonificada
Latam Pass,160000,2036-08-09,2038-02-09,0.044,Voo
TudoAzul,300000,2036-09-18,2038-03-18,0.042,Compra Bonificada
Smiles,140000,2036-10-27,2038-04-27,0.045,Cartão de Crédito
Latam Pass,175000,2036-11-07,2038-05-07,0.047,Voo
TudoAzul,125000,2036-12-26,2038-06-26,0.040,Cartão de Crédito
Smiles,295000,2037-01-16,2038-07-16,0.044,Compra Bonificada
Latam Pass,165000,2037-02-05,2038-08-05,0.045,Voo
TudoAzul,310000,2037-03-11,2038-09-11,0.043,Compra Bonificada
Smiles,145000,2037-04-21,2038-10-21,0.046,Cartão de Crédito
Latam Pass,180000,2037-05-01,2038-11-01,0.048,Voo
TudoAzul,130000,2037-06-10,2038-12-10,0.041,Cartão de Crédito
Smiles,305000,2037-07-20,2039-01-20,0.045,Compra Bonificada
Latam Pass,170000,2037-08-29,2039-02-29,0.046,Voo
TudoAzul,320000,2037-09-04,2039-03-04,0.044,Compra Bonificada
Smiles,150000,2037-10-19,2039-04-19,0.047,Cartão de Crédito
Latam Pass,185000,2037-11-06,2039-05-06,0.049,Voo
TudoAzul,135000,2037-12-24,2039-06-24,0.042,Cartão de Crédito
Smiles,315000,2038-01-14,2039-07-14,0.046,Compra Bonificada
Latam Pass,175000,2038-02-03,2039-08-03,0.047,Voo
TudoAzul,330000,2038-03-09,2039-09-09,0.045,Compra Bonificada
Smiles,155000,2038-04-18,2039-10-18,0.048,Cartão de Crédito
Latam Pass,190000,2038-05-27,2039-11-27,0.050,Voo
TudoAzul,140000,2038-06-09,2039-12-09,0.043,Cartão de Crédito
Smiles,325000,2038-07-19,2040-01-19,0.047,Compra Bonificada
Latam Pass,180000,2038-08-28,2040-02-28,0.048,Voo
TudoAzul,340000,2038-09-03,2040-03-03,0.046,Compra Bonificada
Smiles,160000,2038-10-13,2040-04-13,0.049,Cartão de Crédito
Latam Pass,195000,2038-11-01,2040-05-01,0.051,Voo
TudoAzul,145000,2038-12-29,2040-06-29,0.044,Cartão de Crédito
Smiles,335000,2039-01-09,2040-07-09,0.048,Compra Bonificada
Latam Pass,185000,2039-02-28,2040-08-28,0.049,Voo
TudoAzul,350000,2039-03-08,2040-09-08,0.047,Compra Bonificada
Smiles,165000,2039-04-17,2040-10-17,0.050,Cartão de Crédito
Latam Pass,200000,2039-05-26,2040-11-26,0.052,Voo
TudoAzul,150000,2039-06-08,2040-12-08,0.045,Cartão de Crédito
Smiles,345000,2039-07-18,2041-01-18,0.049,Compra Bonificada
Latam Pass,190000,2039-08-27,2041-02-27,0.050,Voo
TudoAzul,360000,2039-09-02,2041-03-02,0.048,Compra Bonificada
Smiles,170000,2039-10-12,2041-04-12,0.051,Cartão de Crédito
Latam Pass,205000,2039-11-30,2041-05-30,0.053,Voo
TudoAzul,155000,2039-12-22,2041-06-22,0.046,Cartão de Crédito
Smiles,355000,2040-01-01,2041-07-01,0.050,Compra Bonificada
Latam Pass,195000,2040-02-21,2041-08-21,0.051,Voo
TudoAzul,370000,2040-03-07,2041-09-07,0.049,Compra Bonificada
Smiles,175000,2040-04-06,2041-10-06,0.052,Cartão de Crédito
Latam Pass,210000,2040-05-15,2041-11-15,0.054,Voo
TudoAzul,160000,2040-06-24,2041-12-24,0.047,Cartão de Crédito
Smiles,365000,2040-07-04,2042-01-04,0.051,Compra Bonificada
Latam Pass,200000,2040-08-13,2042-02-13,0.052,Voo
TudoAzul,380000,2040-09-23,2042-03-23,0.050,Compra Bonificada
Smiles,180000,2040-10-02,2042-04-02,0.053,Cartão de Crédito
Latam Pass,215000,2040-11-21,2042-05-21,0.055,Voo
TudoAzul,165000,2040-12-11,2042-06-11,0.048,Cartão de Crédito
Smiles,375000,2041-01-21,2042-07-21,0.052,Compra Bonificada
Latam Pass,205000,2041-02-10,2042-08-10,0.053,Voo
TudoAzul,390000,2041-03-05,2042-09-05,0.051,Compra Bonificada
Smiles,185000,2041-04-15,2042-10-15,0.054,Cartão de Crédito
Latam Pass,220000,2041-05-04,2042-11-04,0.056,Voo
TudoAzul,170000,2041-06-14,2042-12-14,0.049,Cartão de Crédito
Smiles,385000,2041-07-24,2043-01-24,0.053,Compra Bonificada
Latam Pass,210000,2041-08-03,2043-02-03,0.054,Voo
TudoAzul,400000,2041-09-12,2043-03-12,0.052,Compra Bonificada
Smiles,190000,2041-10-23,2043-04-23,0.055,Cartão de Crédito
Latam Pass,225000,2041-11-01,2043-05-01,0.057,Voo
TudoAzul,175000,2041-12-20,2043-06-20,0.050,Cartão de Crédito
Smiles,395000,2042-01-30,2043-07-30,0.054,Compra Bonificada
Latam Pass,215000,2042-02-19,2043-08-19,0.055,Voo
TudoAzul,410000,2042-03-14,2043-09-14,0.053,Compra Bonificada
Smiles,195000,2042-04-03,2043-10-03,0.056,Cartão de Crédito
Latam Pass,230000,2042-05-12,2043-11-12,0.058,Voo
TudoAzul,180000,2042-06-21,2043-12-21,0.051,Cartão de Crédito
Smiles,405000,2042-07-01,2044-01-01,0.055,Compra Bonificada
Latam Pass,220000,2042-08-10,2044-02-10,0.056,Voo
TudoAzul,420000,2042-09-19,2044-03-19,0.054,Compra Bonificada
Smiles,200000,2042-10-28,2044-04-28,0.057,Cartão de Crédito
Latam Pass,235000,2042-11-08,2044-05-08,0.059,Voo
TudoAzul,185000,2042-12-27,2044-06-27,0.052,Cartão de Crédito
Smiles,415000,2043-01-17,2044-07-17,0.056,Compra Bonificada
Latam Pass,225000,2043-02-06,2044-08-06,0.057,Voo
TudoAzul,430000,2043-03-01,2044-09-01,0.055,Compra Bonificada
Smiles,205000,2043-04-11,2044-10-11,0.058,Cartão de Crédito
Latam Pass,240000,2043-05-20,2044-11-20,0.060,Voo
TudoAzul,190000,2043-06-03,2044-12-03,0.053,Cartão de Crédito
Smiles,425000,2043-07-13,2045-01-13,0.057,Compra Bonificada
Latam Pass,230000,2043-08-22,2045-02-22,0.058,Voo
TudoAzul,440000,2043-09-06,2045-03-06,0.056,Compra Bonificada
Smiles,210000,2043-10-30,2045-04-30,0.059,Cartão de Crédito
Latam Pass,245000,2043-11-09,2045-05-09,0.061,Voo
TudoAzul,195000,2043-12-19,2045-06-19,0.054,Cartão de Crédito
Smiles,435000,2044-01-29,2045-07-29,0.058,Compra Bonificada
Latam Pass,235000,2044-02-18,2045-08-18,0.059,Voo
TudoAzul,450000,2044-03-13,2045-09-13,0.057,Compra Bonificada
Smiles,215000,2044-04-02,2045-10-02,0.060,Cartão de Crédito
Latam Pass,250000,2044-05-11,2045-11-11,0.062,Voo
TudoAzul,200000,2044-06-20,2045-12-20,0.055,Cartão de Crédito
Smiles,445000,2044-07-30,2046-01-30,0.059,Compra Bonificada
Latam Pass,240000,2044-08-09,2046-02-09,0.060,Voo
TudoAzul,460000,2044-09-18,2046-03-18,0.058,Compra Bonificada
Smiles,220000,2044-10-27,2046-04-27,0.061,Cartão de Crédito
Latam Pass,255000,2044-11-07,2046-05-07,0.063,Voo
TudoAzul,205000,2044-12-26,2046-06-26,0.056,Cartão de Crédito
Smiles,455000,2045-01-16,2046-07-16,0.060,Compra Bonificada
Latam Pass,245000,2045-02-05,2046-08-05,0.061,Voo
TudoAzul,470000,2045-03-11,2046-09-11,0.059,Compra Bonificada
Smiles,225000,2045-04-21,2046-10-21,0.062,Cartão de Crédito
Latam Pass,260000,2045-05-01,2046-11-01,0.064,Voo
TudoAzul,210000,2045-06-10,2046-12-10,0.057,Cartão de Crédito
Smiles,465000,2045-07-20,2047-01-20,0.061,Compra Bonificada
Latam Pass,250000,2045-08-29,2047-02-29,0.062,Voo
TudoAzul,480000,2045-09-04,2047-03-04,0.060,Compra Bonificada
Smiles,230000,2045-10-19,2047-04-19,0.063,Cartão de Crédito
Latam Pass,265000,2045-11-06,2047-05-06,0.065,Voo
TudoAzul,215000,2045-12-24,2047-06-24,0.058,Cartão de Crédito
Smiles,475000,2046-01-14,2047-07-14,0.062,Compra Bonificada
Latam Pass,255000,2046-02-03,2047-08-03,0.063,Voo
TudoAzul,490000,2046-03-09,2047-09-09,0.061,Compra Bonificada
Smiles,235000,2046-04-18,2047-10-18,0.064,Cartão de Crédito
Latam Pass,270000,2046-05-27,2047-11-27,0.066,Voo
TudoAzul,220000,2046-06-09,2047-12-09,0.059,Cartão de Crédito
Smiles,485000,2046-07-19,2048-01-19,0.063,Compra Bonificada
Latam Pass,260000,2046-08-28,2048-02-28,0.064,Voo
TudoAzul,500000,2046-09-03,2048-03-03,0.062,Compra Bonificada
Smiles,240000,2046-10-13,2048-04-13,0.065,Cartão de Crédito
Latam Pass,275000,2046-11-01,2048-05-01,0.067,Voo
TudoAzul,225000,2046-12-29,2048-06-29,0.060,Cartão de Crédito
Smiles,495000,2047-01-09,2048-07-09,0.064,Compra Bonificada
Latam Pass,265000,2047-02-28,2048-08-28,0.065,Voo
TudoAzul,510000,2047-03-08,2048-09-08,0.063,Compra Bonificada
Smiles,245000,2047-04-17,2048-10-17,0.066,Cartão de Crédito
Latam Pass,280000,2047-05-26,2048-11-26,0.068,Voo
TudoAzul,230000,2047-06-08,2048-12-08,0.061,Cartão de Crédito
Smiles,505000,2047-07-18,2049-01-18,0.065,Compra Bonificada
Latam Pass,270000,2047-08-27,2049-02-27,0.066,Voo
TudoAzul,520000,2047-09-02,2049-03-02,0.064,Compra Bonificada
Smiles,250000,2047-10-12,2049-04-12,0.067,Cartão de Crédito
Latam Pass,285000,2047-11-30,2049-05-30,0.069,Voo
TudoAzul,235000,2047-12-22,2049-06-22,0.062,Cartão de Crédito
Smiles,515000,2048-01-01,2049-07-01,0.066,Compra Bonificada
Latam Pass,275000,2048-02-21,2049-08-21,0.067,Voo
TudoAzul,530000,2048-03-07,2049-09-07,0.065,Compra Bonificada
Smiles,255000,2048-04-06,2049-10-06,0.068,Cartão de Crédito
Latam Pass,290000,2048-05-15,2049-11-15,0.070,Voo
TudoAzul,240000,2048-06-24,2049-12-24,0.063,Cartão de Crédito
Smiles,525000,2048-07-04,2050-01-04,0.067,Compra Bonificada
Latam Pass,280000,2048-08-13,2050-02-13,0.068,Voo
TudoAzul,540000,2048-09-23,2050-03-23,0.066,Compra Bonificada
Smiles,260000,2048-10-02,2050-04-02,0.069,Cartão de Crédito
Latam Pass,295000,2048-11-21,2050-05-21,0.071,Voo
TudoAzul,245000,2048-12-11,2050-06-11,0.064,Cartão de Crédito
Smiles,535000,2049-01-21,2050-07-21,0.068,Compra Bonificada
Latam Pass,285000,2049-02-10,2050-08-10,0.069,Voo
TudoAzul,550000,2049-03-05,2050-09-05,0.067,Compra Bonificada
Smiles,265000,2049-04-15,2050-10-15,0.070,Cartão de Crédito
Latam Pass,300000,2049-05-04,2050-11-04,0.072,Voo
TudoAzul,250000,2049-06-14,2050-12-14,0.065,Cartão de Crédito
Smiles,545000,2049-07-24,2051-01-24,0.069,Compra Bonificada
Latam Pass,290000,2049-08-03,2051-02-03,0.070,Voo
TudoAzul,560000,2049-09-12,2051-03-12,0.068,Compra Bonificada
Smiles,270000,2049-10-23,2051-04-23,0.071,Cartão de Crédito
Latam Pass,305000,2049-11-01,2051-05-01,0.073,Voo
TudoAzul,255000,2049-12-20,2051-06-20,0.066,Cartão de Crédito
Smiles,555000,2050-01-30,2051-07-30,0.070,Compra Bonificada
Latam Pass,295000,2050-02-19,2051-08-19,0.071,Voo
TudoAzul,570000,2050-03-14,2051-09-14,0.069,Compra Bonificada
Smiles,275000,2050-04-03,2051-10-03,0.072,Cartão de Crédito
Latam Pass,310000,2050-05-12,2051-11-12,0.074,Voo
TudoAzul,260000,2050-06-21,2051-12-21,0.067,Cartão de Crédito
Smiles,565000,2050-07-01,2052-01-01,0.071,Compra Bonificada
Latam Pass,300000,2050-08-10,2052-02-10,0.072,Voo
TudoAzul,580000,2050-09-19,2052-03-19,0.070,Compra Bonificada
Smiles,280000,2050-10-28,2052-04-28,0.073,Cartão de Crédito
Latam Pass,315000,2050-11-08,2052-05-08,0.075,Voo
TudoAzul,265000,2050-12-27,2052-06-27,0.068,Cartão de Crédito
Smiles,575000,2051-01-17,2052-07-17,0.072,Compra Bonificada
Latam Pass,305000,2051-02-06,2052-08-06,0.073,Voo
TudoAzul,590000,2051-03-01,2052-09-01,0.071,Compra Bonificada
Smiles,285000,2051-04-11,2052-10-11,0.074,Cartão de Crédito
Latam Pass,320000,2051-05-20,2052-11-20,0.076,Voo
TudoAzul,270000,2051-06-03,2052-12-03,0.069,Cartão de Crédito
Smiles,585000,2051-07-13,2053-01-13,0.073,Compra Bonificada
Latam Pass,310000,2051-08-22,2053-02-22,0.074,Voo
TudoAzul,600000,2051-09-06,2053-03-06,0.072,Compra Bonificada
Smiles,290000,2051-10-30,2053-04-30,0.075,Cartão de Crédito
Latam Pass,325000,2051-11-09,2053-05-09,0.077,Voo
TudoAzul,275000,2051-12-19,2053-06-19,0.070,Cartão de Crédito
Smiles,595000,2052-01-29,2053-07-29,0.074,Compra Bonificada
Latam Pass,315000,2052-02-18,2053-08-18,0.075,Voo
TudoAzul,610000,2052-03-13,2053-09-13,0.073,Compra Bonificada
Smiles,295000,2052-04-02,2053-10-02,0.076,Cartão de Crédito
Latam Pass,330000,2052-05-11,2053-11-11,0.078,Voo
TudoAzul,280000,2052-06-20,2053-12-20,0.071,Cartão de Crédito
Smiles,605000,2052-07-30,2054-01-30,0.075,Compra Bonificada
Latam Pass,320000,2052-08-09,2054-02-09,0.076,Voo
TudoAzul,620000,2052-09-18,2054-03-18,0.074,Compra Bonificada
Smiles,300000,2052-10-27,2054-04-27,0.077,Cartão de Crédito
Latam Pass,335000,2052-11-07,2054-05-07,0.079,Voo
TudoAzul,285000,2052-12-26,2054-06-26,0.072,Cartão de Crédito
Smiles,615000,2053-01-16,2054-07-16,0.076,Compra Bonificada
Latam Pass,325000,2053-02-05,2054-08-05,0.077,Voo
TudoAzul,630000,2053-03-11,2054-09-11,0.075,Compra Bonificada
Smiles,305000,2053-04-21,2054-10-21,0.078,Cartão de Crédito
Latam Pass,340000,2053-05-01,2054-11-01,0.080,Voo
TudoAzul,290000,2053-06-10,2054-12-10,0.073,Cartão de Crédito
Smiles,625000,2053-07-20,2055-01-20,0.077,Compra Bonificada
Latam Pass,330000,2053-08-29,2055-02-29,0.078,Voo
TudoAzul,640000,2053-09-04,2055-03-04,0.076,Compra Bonificada
Smiles,310000,2053-10-19,2055-04-19,0.079,Cartão de Crédito
Latam Pass,345000,2053-11-06,2055-05-06,0.081,Voo
TudoAzul,295000,2053-12-24,2055-06-24,0.074,Cartão de Crédito
Smiles,635000,2054-01-14,2055-07-14,0.078,Compra Bonificada
Latam Pass,335000,2054-02-03,2055-08-03,0.079,Voo
TudoAzul,650000,2054-03-09,2055-09-09,0.077,Compra Bonificada
Smiles,315000,2054-04-18,2055-10-18,0.080,Cartão de Crédito
Latam Pass,350000,2054-05-27,2055-11-27,0.082,Voo
TudoAzul,300000,2054-06-09,2055-12-09,0.075,Cartão de Crédito
Smiles,645000,2054-07-19,2056-01-19,0.079,Compra Bonificada
Latam Pass,340000,2054-08-28,2056-02-28,0.080,Voo
TudoAzul,660000,2054-09-03,2056-03-03,0.078,Compra Bonificada
Smiles,320000,2054-10-13,2056-04-13,0.081,Cartão de Crédito
Latam Pass,355000,2054-11-01,2056-05-01,0.083,Voo
TudoAzul,305000,2054-12-29,2056-06-29,0.076,Cartão de Crédito
Smiles,655000,2055-01-09,2056-07-09,0.080,Compra Bonificada
Latam Pass,345000,2055-02-28,2056-08-28,0.081,Voo
TudoAzul,670000,2055-03-08,2056-09-08,0.079,Compra Bonificada
Smiles,325000,2055-04-17,2056-10-17,0.082,Cartão de Crédito
Latam Pass,360000,2055-05-26,2056-11-26,0.084,Voo
TudoAzul,310000,2055-06-08,2056-12-08,0.077,Cartão de Crédito
Smiles,665000,2055-07-18,2057-01-18,0.081,Compra Bonificada
Latam Pass,350000,2055-08-27,2057-02-27,0.082,Voo
TudoAzul,680000,2055-09-02,2057-03-02,0.080,Compra Bonificada
Smiles,330000,2055-10-12,2057-04-12,0.083,Cartão de Crédito
Latam Pass,365000,2055-11-30,2057-05-30,0.085,Voo
TudoAzul,315000,2055-12-22,2057-06-22,0.078,Cartão de Crédito
Smiles,675000,2056-01-01,2057-07-01,0.082,Compra Bonificada
Latam Pass,355000,2056-02-21,2057-08-21,0.083,Voo
TudoAzul,690000,2056-03-07,2057-09-07,0.081,Compra Bonificada
Smiles,335000,2056-04-06,2057-10-06,0.084,Cartão de Crédito
Latam Pass,370000,2056-05-15,2057-11-15,0.086,Voo
TudoAzul,320000,2056-06-24,2057-12-24,0.079,Cartão de Crédito
Smiles,685000,2056-07-04,2058-01-04,0.083,Compra Bonificada
Latam Pass,360000,2056-08-13,2058-02-13,0.084,Voo
TudoAzul,700000,2056-09-23,2058-03-23,0.082,Compra Bonificada
Smiles,340000,2056-10-02,2058-04-02,0.085,Cartão de Crédito
Latam Pass,375000,2056-11-21,2058-05-21,0.087,Voo
TudoAzul,325000,2056-12-11,2058-06-11,0.080,Cartão de Crédito
Smiles,695000,2057-01-21,2058-07-21,0.084,Compra Bonificada
Latam Pass,365000,2057-02-10,2058-08-10,0.085,Voo
TudoAzul,710000,2057-03-05,2058-09-05,0.083,Compra Bonificada
Smiles,345000,2057-04-15,2058-10-15,0.086,Cartão de Crédito
Latam Pass,380000,2057-05-04,2058-11-04,0.088,Voo
TudoAzul,330000,2057-06-14,2058-12-14,0.081,Cartão de Crédito
Smiles,705000,2057-07-24,2059-01-24,0.085,Compra Bonificada
Latam Pass,370000,2057-08-03,2059-02-03,0.086,Voo
TudoAzul,720000,2057-09-12,2059-03-12,0.084,Compra Bonificada
Smiles,350000,2057-10-23,2059-04-23,0.087,Cartão de Crédito
Latam Pass,385000,2057-11-01,2059-05-01,0.089,Voo
TudoAzul,335000,2057-12-20,2059-06-20,0.082,Cartão de Crédito
Smiles,715000,2058-01-30,2059-07-30,0.086,Compra Bonificada
Latam Pass,375000,2058-02-19,2059-08-19,0.087,Voo
TudoAzul,730000,2058-03-14,2059-09-14,0.085,Compra Bonificada
Smiles,355000,2058-04-03,2059-10-03,0.088,Cartão de Crédito
Latam Pass,390000,2058-05-12,2059-11-12,0.090,Voo
TudoAzul,340000,2058-06-21,2059-12-21,0.083,Cartão de Crédito
Smiles,725000,2058-07-01,2060-01-01,0.087,Compra Bonificada
Latam Pass,380000,2058-08-10,2060-02-10,0.088,Voo
TudoAzul,740000,2058-09-19,2060-03-19,0.086,Compra Bonificada
Smiles,360000,2058-10-28,2060-04-28,0.089,Cartão de Crédito
Latam Pass,395000,2058-11-08,2060-05-08,0.091,Voo
TudoAzul,345000,2058-12-27,2060-06-27,0.084,Cartão de Crédito
Smiles,735000,2059-01-17,2060-07-17,0.088,Compra Bonificada
Latam Pass,385000,2059-02-06,2060-08-06,0.089,Voo
TudoAzul,750000,2059-03-01,2060-09-01,0.087,Compra Bonificada
Smiles,365000,2059-04-11,2060-10-11,0.090,Cartão de Crédito
Latam Pass,400000,2059-05-20,2060-11-20,0.092,Voo
TudoAzul,350000,2059-06-03,2060-12-03,0.085,Cartão de Crédito
Smiles,745000,2059-07-13,2061-01-13,0.089,Compra Bonificada
Latam Pass,390000,2059-08-22,2061-02-22,0.090,Voo
TudoAzul,760000,2059-09-06,2061-03-06,0.088,Compra Bonificada
Smiles,370000,2059-10-30,2061-04-30,0.091,Cartão de Crédito
Latam Pass,405000,2059-11-09,2061-05-09,0.093,Voo
TudoAzul,355000,2059-12-19,2061-06-19,0.086,Cartão de Crédito
Smiles,755000,2060-01-29,2061-07-29,0.090,Compra Bonificada
Latam Pass,395000,2060-02-18,2061-08-18,0.091,Voo
TudoAzul,770000,2060-03-13,2061-09-13,0.089,Compra Bonificada
Smiles,375000,2060-04-02,2061-10-02,0.092,Cartão de Crédito
Latam Pass,410000,2060-05-11,2061-11-11,0.094,Voo
TudoAzul,360000,2060-06-20,2061-12-20,0.087,Cartão de Crédito
Smiles,765000,2060-07-30,2062-01-30,0.091,Compra Bonificada
Latam Pass,400000,2060-08-09,2062-02-09,0.092,Voo
TudoAzul,780000,2060-09-18,2062-03-18,0.090,Compra Bonificada
Smiles,380000,2060-10-27,2062-04-27,0.093,Cartão de Crédito
Latam Pass,415000,2060-11-07,2062-05-07,0.095,Voo
TudoAzul,365000,2060-12-26,2062-06-26,0.088,Cartão de Crédito
Smiles,775000,2061-01-16,2062-07-16,0.092,Compra Bonificada
Latam Pass,405000,2061-02-05,2062-08-05,0.093,Voo
TudoAzul,790000,2061-03-11,2062-09-11,0.091,Compra Bonificada
Smiles,385000,2061-04-21,2062-10-21,0.094,Cartão de Crédito
Latam Pass,420000,2061-05-01,2062-11-01,0.096,Voo
TudoAzul,370000,2061-06-10,2062-12-10,0.089,Cartão de Crédito
Smiles,785000,2061-07-20,2063-01-20,0.093,Compra Bonificada
Latam Pass,410000,2061-08-29,2063-02-29,0.094,Voo
TudoAzul,800000,2061-09-04,2063-03-04,0.092,Compra Bonificada
Smiles,390000,2061-10-19,2063-04-19,0.095,Cartão de Crédito
Latam Pass,425000,2061-11-06,2063-05-06,0.097,Voo
TudoAzul,375000,2061-12-24,2063-06-24,0.090,Cartão de Crédito
Smiles,795000,2062-01-14,2063-07-14,0.094,Compra Bonificada
Latam Pass,415000,2062-02-03,2063-08-03,0.095,Voo
TudoAzul,810000,2062-03-09,2063-09-09,0.093,Compra Bonificada
Smiles,395000,2062-04-18,2063-10-18,0.096,Cartão de Crédito
Latam Pass,430000,2062-05-27,2063-11-27,0.098,Voo
TudoAzul,380000,2062-06-09,2063-12-09,0.091,Cartão de Crédito
Smiles,805000,2062-07-19,2064-01-19,0.095,Compra Bonificada
Latam Pass,420000,2062-08-28,2064-02-28,0.096,Voo
TudoAzul,820000,2062-09-03,2064-03-03,0.094,Compra Bonificada
Smiles,400000,2062-10-13,2064-04-13,0.097,Cartão de Crédito
Latam Pass,435000,2062-11-01,2064-05-01,0.099,Voo
TudoAzul,385000,2062-12-29,2064-06-29,0.092,Cartão de Crédito
Smiles,815000,2063-01-09,2064-07-09,0.096,Compra Bonificada
Latam Pass,425000,2063-02-28,2064-08-28,0.097,Voo
TudoAzul,830000,2063-03-08,2064-09-08,0.095,Compra Bonificada
Smiles,405000,2063-04-17,2064-10-17,0.098,Cartão de Crédito
Latam Pass,440000,2063-05-26,2064-11-26,0.100,Voo
TudoAzul,390000,2063-06-08,2064-12-08,0.093,Cartão de Crédito
Smiles,825000,2063-07-18,2065-01-18,0.097,Compra Bonificada
Latam Pass,430000,2063-08-27,2065-02-27,0.098,Voo
TudoAzul,840000,2063-09-02,2065-03-02,0.096,Compra Bonificada
Smiles,410000,2063-10-12,2065-04-12,0.099,Cartão de Crédito
Latam Pass,445000,2063-11-30,2065-05-30,0.101,Voo
TudoAzul,395000,2063-12-22,2065-06-22,0.094,Cartão de Crédito
Smiles,835000,2064-01-01,2065-07-01,0.098,Compra Bonificada
Latam Pass,435000,2064-02-21,2065-08-21,0.099,Voo
TudoAzul,850000,2064-03-07,2065-09-07,0.097,Compra Bonificada
Smiles,415000,2064-04-06,2065-10-06,0.100,Cartão de Crédito
Latam Pass,450000,2064-05-15,2065-11-15,0.102,Voo
TudoAzul,400000,2064-06-24,2065-12-24,0.095,Cartão de Crédito
Smiles,845000,2064-07-04,2066-01-04,0.099,Compra Bonificada
Latam Pass,440000,2064-08-13,2066-02-13,0.100,Voo
TudoAzul,860000,2064-09-23,2066-03-23,0.098,Compra Bonificada
Smiles,420000,2064-10-02,2066-04-02,0.101,Cartão de Crédito
Latam Pass,455000,2064-11-21,2066-05-21,0.103,Voo
TudoAzul,405000,2064-12-11,2066-06-11,0.096,Cartão de Crédito
Smiles,855000,2065-01-21,2066-07-21,0.100,Compra Bonificada
Latam Pass,445000,2065-02-10,2066-08-10,0.101,Voo
TudoAzul,870000,2065-03-05,2066-09-05,0.099,Compra Bonificada
Smiles,425000,2065-04-15,2066-10-15,0.102,Cartão de Crédito
Latam Pass,460000,2065-05-04,2066-11-04,0.104,Voo
TudoAzul,410000,2065-06-14,2066-12-14,0.097,Cartão de Crédito
Smiles,865000,2065-07-24,2067-01-24,0.101,Compra Bonificada
Latam Pass,450000,2065-08-03,2067-02-03,0.102,Voo
TudoAzul,880000,2065-09-12,2067-03-12,0.100,Compra Bonificada
Smiles,430000,2065-10-23,2067-04-23,0.103,Cartão de Crédito
Latam Pass,465000,2065-11-01,2067-05-01,0.105,Voo
TudoAzul,415000,2065-12-20,2067-06-20,0.098,Cartão de Crédito
Smiles,875000,2066-01-30,2067-07-30,0.102,Compra Bonificada
Latam Pass,455000,2066-02-19,2067-08-19,0.103,Voo
TudoAzul,890000,2066-03-14,2067-09-14,0.101,Compra Bonificada
Smiles,435000,2066-04-03,2067-10-03,0.104,Cartão de Crédito
Latam Pass,470000,2066-05-12,2067-11-12,0.106,Voo
TudoAzul,420000,2066-06-21,2067-12-21,0.099,Cartão de Crédito
Smiles,885000,2066-07-01,2068-01-01,0.103,Compra Bonificada
Latam Pass,460000,2066-08-10,2068-02-10,0.104,Voo
TudoAzul,900000,2066-09-19,2068-03-19,0.102,Compra Bonificada
Smiles,440000,2066-10-28,2068-04-28,0.105,Cartão de Crédito
Latam Pass,475000,2066-11-08,2068-05-08,0.107,Voo
TudoAzul,425000,2066-12-27,2068-06-27,0.100,Cartão de Crédito
Smiles,895000,2067-01-17,2068-07-17,0.104,Compra Bonificada
Latam Pass,465000,2067-02-06,2068-08-06,0.105,Voo
TudoAzul,910000,2067-03-01,2068-09-01,0.103,Compra Bonificada
Smiles,445000,2067-04-11,2068-10-11,0.106,Cartão de Crédito
Latam Pass,480000,2067-05-20,2068-11-20,0.108,Voo
TudoAzul,430000,2067-06-03,2068-12-03,0.101,Cartão de Crédito
Smiles,905000,2067-07-13,2069-01-13,0.105,Compra Bonificada
Latam Pass,470000,2067-08-22,2069-02-22,0.106,Voo
TudoAzul,920000,2067-09-06,2069-03-06,0.104,Compra Bonificada
Smiles,450000,2067-10-30,2069-04-30,0.107,Cartão de Crédito
Latam Pass,485000,2067-11-09,2069-05-09,0.109,Voo
TudoAzul,435000,2067-12-19,2069-06-19,0.102,Cartão de Crédito
Smiles,915000,2068-01-29,2069-07-29,0.106,Compra Bonificada
Latam Pass,475000,2068-02-18,2069-08-18,0.107,Voo
TudoAzul,930000,2068-03-13,2069-09-13,0.105,Compra Bonificada
Smiles,455000,2068-04-02,2069-10-02,0.108,Cartão de Crédito
Latam Pass,490000,2068-05-11,2069-11-11,0.110,Voo
TudoAzul,440000,2068-06-20,2069-12-20,0.103,Cartão de Crédito
Smiles,925000,2068-07-30,2070-01-30,0.107,Compra Bonificada
Latam Pass,480000,2068-08-09,2070-02-09,0.108,Voo
TudoAzul,940000,2068-09-18,2070-03-18,0.106,Compra Bonificada
Smiles,460000,2068-10-27,2070-04-27,0.109,Cartão de Crédito
Latam Pass,495000,2068-11-07,2070-05-07,0.111,Voo
TudoAzul,445000,2068-12-26,2070-06-26,0.104,Cartão de Crédito
Smiles,935000,2069-01-16,2070-07-16,0.108,Compra Bonificada
Latam Pass,485000,2069-02-05,2070-08-05,0.109,Voo
TudoAzul,950000,2069-03-11,2070-09-11,0.107,Compra Bonificada
Smiles,465000,2069-04-21,2070-10-21,0.110,Cartão de Crédito
Latam Pass,500000,2069-05-01,2070-11-01,0.112,Voo
TudoAzul,450000,2069-06-10,2070-12-10,0.105,Cartão de Crédito
Smiles,945000,2069-07-20,2071-01-20,0.109,Compra Bonificada
Latam Pass,490000,2069-08-29,2071-02-29,0.110,Voo
TudoAzul,960000,2069-09-04,2071-03-04,0.108,Compra Bonificada
Smiles,470000,2069-10-19,2071-04-19,0.111,Cartão de Crédito
Latam Pass,505000,2069-11-06,2071-05-06,0.113,Voo
TudoAzul,455000,2069-12-24,2071-06-24,0.106,Cartão de Crédito
Smiles,955000,2070-01-14,2071-07-14,0.110,Compra Bonificada
Latam Pass,495000,2070-02-03,2071-08-03,0.111,Voo
TudoAzul,970000,2070-03-09,2071-09-09,0.109,Compra Bonificada
Smiles,475000,2070-04-18,2071-10-18,0.112,Cartão de Crédito
Latam Pass,510000,2070-05-27,2071-11-27,0.114,Voo
TudoAzul,460000,2070-06-09,2071-12-09,0.107,Cartão de Crédito
Smiles,965000,2070-07-19,2072-01-19,0.111,Compra Bonificada
Latam Pass,500000,2070-08-28,2072-02-28,0.112,Voo
TudoAzul,980000,2070-09-03,2072-03-03,0.110,Compra Bonificada
Smiles,480000,2070-10-13,2072-04-13,0.113,Cartão de Crédito
Latam Pass,515000,2070-11-01,2072-05-01,0.115,Voo
TudoAzul,465000,2070-12-29,2072-06-29,0.108,Cartão de Crédito
Smiles,975000,2071-01-09,2072-07-09,0.112,Compra Bonificada
Latam Pass,505000,2071-02-28,2072-08-28,0.113,Voo
TudoAzul,990000,2071-03-08,2072-09-08,0.111,Compra Bonificada
Smiles,485000,2071-04-17,2072-10-17,0.114,Cartão de Crédito
Latam Pass,520000,2071-05-26,2072-11-26,0.116,Voo
TudoAzul,470000,2071-06-08,2072-12-08,0.109,Cartão de Crédito
Smiles,985000,2071-07-18,2073-01-18,0.113,Compra Bonificada
Latam Pass,510000,2071-08-27,2073-02-27,0.114,Voo
TudoAzul,1000000,2071-09-02,2073-03-02,0.112,Compra Bonificada
Smiles,490000,2071-10-12,2073-04-12,0.115,Cartão de Crédito
Latam Pass,525000,2071-11-30,2073-05-30,0.117,Voo
TudoAzul,475000,2071-12-22,2073-06-22,0.110,Cartão de Crédito
Smiles,995000,2072-01-01,2073-07-01,0.114,Compra Bonificada
Latam Pass,515000,2072-02-21,2073-08-21,0.115,Voo
TudoAzul,1010000,2072-03-07,2073-09-07,0.113,Compra Bonificada
Smiles,495000,2072-04-06,2073-10-06,0.116,Cartão de Crédito
Latam Pass,530000,2072-05-15,2073-11-15,0.118,Voo
TudoAzul,480000,2072-06-24,2073-12-24,0.111,Cartão de Crédito
Smiles,1005000,2072-07-04,2074-01-04,0.115,Compra Bonificada
Latam Pass,520000,2072-08-13,2074-02-13,0.116,Voo
TudoAzul,1020000,2072-09-23,2074-03-23,0.114,Compra Bonificada
Smiles,500000,2072-10-02,2074-04-02,0.117,Cartão de Crédito
Latam Pass,535000,2072-11-21,2074-05-21,0.119,Voo
TudoAzul,485000,2072-12-11,2074-06-11,0.112,Cartão de Crédito
Smiles,1015000,2073-01-21,2074-07-21,0.116,Compra Bonificada
Latam Pass,525000,2073-02-10,2074-08-10,0.117,Voo
TudoAzul,1030000,2073-03-05,2074-09-05,0.115,Compra Bonificada
Smiles,505000,2073-04-15,2074-10-15,0.118,Cartão de Crédito
Latam Pass,540000,2073-05-04,2074-11-04,0.120,Voo
TudoAzul,490000,2073-06-14,2074-12-14,0.113,Cartão de Crédito
Smiles,1025000,2073-07-24,2075-01-24,0.117,Compra Bonificada
Latam Pass,530000,2073-08-03,2075-02-03,0.118,Voo
TudoAzul,1040000,2073-09-12,2075-03-12,0.116,Compra Bonificada
Smiles,510000,2073-10-23,2075-04-23,0.119,Cartão de Crédito
Latam Pass,545000,2073-11-01,2075-05-01,0.121,Voo
TudoAzul,495000,2073-12-20,2075-06-20,0.114,Cartão de Crédito
Smiles,1035000,2074-01-30,2075-07-30,0.118,Compra Bonificada
Latam Pass,535000,2074-02-19,2075-08-19,0.119,Voo
TudoAzul,1050000,2074-03-14,2075-09-14,0.117,Compra Bonificada
Smiles,515000,2074-04-03,2075-10-03,0.120,Cartão de Crédito
Latam Pass,550000,2074-05-12,2075-11-12,0.122,Voo
TudoAzul,500000,2074-06-21,2075-12-21,0.115,Cartão de Crédito
Smiles,1045000,2074-07-01,2076-01-01,0.119,Compra Bonificada
Latam Pass,540000,2074-08-10,2076-02-10,0.120,Voo
TudoAzul,1060000,2074-09-19,2076-03-19,0.118,Compra Bonificada
Smiles,520000,2074-10-28,2076-04-28,0.121,Cartão de Crédito
Latam Pass,555000,2074-11-08,2076-05-08,0.123,Voo
TudoAzul,505000,2074-12-27,2076-06-27,0.116,Cartão de Crédito
Smiles,1055000,2075-01-17,2076-07-17,0.120,Compra Bonificada
Latam Pass,545000,2075-02-06,2076-08-06,0.121,Voo
TudoAzul,1070000,2075-03-01,2076-09-01,0.119,Compra Bonificada
Smiles,525000,2075-04-11,2076-10-11,0.122,Cartão de Crédito
Latam Pass,560000,2075-05-20,2076-11-20,0.124,Voo
TudoAzul,510000,2075-06-03,2076-12-03,0.117,Cartão de Crédito
Smiles,1065000,2075-07-13,2077-01-13,0.121,Compra Bonificada
Latam Pass,550000,2075-08-22,2077-02-22,0.122,Voo
TudoAzul,1080000,2075-09-06,2077-03-06,0.120,Compra Bonificada
Smiles,530000,2075-10-30,2077-04-30,0.123,Cartão de Crédito
Latam Pass,565000,2075-11-09,2077-05-09,0.125,Voo
TudoAzul,515000,2075-12-19,2077-06-19,0.118,Cartão de Crédito
Smiles,1075000,2076-01-29,2077-07-29,0.122,Compra Bonificada
Latam Pass,555000,2076-02-18,2077-08-18,0.123,Voo
TudoAzul,1090000,2076-03-13,2077-09-13,0.121,Compra Bonificada
Smiles,535000,2076-04-02,2077-10-02,0.124,Cartão de Crédito
Latam Pass,570000,2076-05-11,2077-11-11,0.126,Voo
TudoAzul,520000,2076-06-20,2077-12-20,0.119,Cartão de Crédito
Smiles,1085000,2076-07-30,2078-01-30,0.123,Compra Bonificada
Latam Pass,560000,2076-08-09,2078-02-09,0.124,Voo
TudoAzul,1100000,2076-09-18,2078-03-18,0.122,Compra Bonificada
Smiles,540000,2076-10-27,2078-04-27,0.125,Cartão de Crédito
Latam Pass,575000,2076-11-07,2078-05-07,0.127,Voo
TudoAzul,525000,2076-12-26,2078-06-26,0.120,Cartão de Crédito
Smiles,1095000,2077-01-16,2078-07-16,0.124,Compra Bonificada
Latam Pass,565000,2077-02-05,2078-08-05,0.125,Voo
TudoAzul,1110000,2077-03-11,2078-09-11,0.123,Compra Bonificada
Smiles,545000,2077-04-21,2078-10-21,0.126,Cartão de Crédito
Latam Pass,580000,2077-05-01,2078-11-01,0.128,Voo
TudoAzul,530000,2077-06-10,2078-12-10,0.121,Cartão de Crédito
Smiles,1105000,2077-07-20,2079-01-20,0.125,Compra Bonificada
Latam Pass,570000,2077-08-29,2079-02-29,0.126,Voo
TudoAzul,1120000,2077-09-04,2079-03-04,0.124,Compra Bonificada
Smiles,550000,2077-10-19,2079-04-19,0.127,Cartão de Crédito
Latam Pass,585000,2077-11-06,2079-05-06,0.129,Voo
TudoAzul,535000,2077-12-24,2079-06-24,0.122,Cartão de Crédito
Smiles,1115000,2078-01-14,2079-07-14,0.126,Compra Bonificada
Latam Pass,575000,2078-02-03,2079-08-03,0.127,Voo
TudoAzul,1130000,2078-03-09,2079-09-09,0.125,Compra Bonificada
Smiles,555000,2078-04-18,2079-10-18,0.128,Cartão de Crédito
Latam Pass,590000,2078-05-27,2079-11-27,0.130,Voo
TudoAzul,540000,2078-06-09,2079-12-09,0.123,Cartão de Crédito
Smiles,1125000,2078-07-19,2080-01-19,0.127,Compra Bonificada
Latam Pass,580000,2078-08-28,2080-02-28,0.128,Voo
TudoAzul,1140000,2078-09-03,2080-03-03,0.126,Compra Bonificada
Smiles,560000,2078-10-13,2080-04-13,0.129,Cartão de Crédito
Latam Pass,595000,2078-11-01,2080-05-01,0.131,Voo
TudoAzul,545000,2078-12-29,2080-06-29,0.124,Cartão de Crédito
Smiles,1135000,2079-01-09,2080-07-09,0.128,Compra Bonificada
Latam Pass,585000,2079-02-28,2080-08-28,0.129,Voo
TudoAzul,1150000,2079-03-08,2080-09-08,0.127,Compra Bonificada
Smiles,565000,2079-04-17,2080-10-17,0.130,Cartão de Crédito
Latam Pass,600000,2079-05-26,2080-11-26,0.132,Voo
TudoAzul,550000,2079-06-08,2080-12-08,0.125,Cartão de Crédito
Smiles,1145000,2079-07-18,2081-01-18,0.129,Compra Bonificada
Latam Pass,590000,2079-08-27,2081-02-27,0.130,Voo
TudoAzul,1160000,2079-09-02,2081-03-02,0.128,Compra Bonificada
Smiles,570000,2079-10-12,2081-04-12,0.131,Cartão de Crédito
Latam Pass,605000,2079-11-30,2081-05-30,0.133,Voo
TudoAzul,555000,2079-12-22,2081-06-22,0.126,Cartão de Crédito
Smiles,1155000,2080-01-01,2081-07-01,0.130,Compra Bonificada
Latam Pass,595000,2080-02-21,2081-08-21,0.131,Voo
TudoAzul,1170000,2080-03-07,2081-09-07,0.129,Compra Bonificada
Smiles,575000,2080-04-06,2081-10-06,0.132,Cartão de Crédito
Latam Pass,610000,2080-05-15,2081-11-15,0.134,Voo
TudoAzul,560000,2080-06-24,2081-12-24,0.127,Cartão de Crédito
Smiles,1165000,2080-07-04,2082-01-04,0.131,Compra Bonificada
Latam Pass,600000,2080-08-13,2082-02-13,0.132,Voo
TudoAzul,1180000,2080-09-23,2082-03-23,0.130,Compra Bonificada
Smiles,580000,2080-10-02,2082-04-02,0.133,Cartão de Crédito
Latam Pass,615000,2080-11-21,2082-05-21,0.135,Voo
TudoAzul,565000,2080-12-11,2082-06-11,0.128,Cartão de Crédito
Smiles,1175000,2081-01-21,2082-07-21,0.132,Compra Bonificada
Latam Pass,605000,2081-02-10,2082-08-10,0.133,Voo
TudoAzul,1190000,2081-03-05,2082-09-05,0.131,Compra Bonificada
Smiles,585000,2081-04-15,2082-10-15,0.134,Cartão de Crédito
Latam Pass,620000,2081-05-04,2082-11-04,0.136,Voo
TudoAzul,570000,2081-06-14,2082-12-14,0.129,Cartão de Crédito
Smiles,1185000,2081-07-24,2083-01-24,0.133,Compra Bonificada
Latam Pass,610000,2081-08-03,2083-02-03,0.134,Voo
TudoAzul,1200000,2081-09-12,2083-03-12,0.132,Compra Bonificada
Smiles,590000,2081-10-23,2083-04-23,0.135,Cartão de Crédito
Latam Pass,625000,2081-11-01,2083-05-01,0.137,Voo
TudoAzul,575000,2081-12-20,2083-06-20,0.130,Cartão de Crédito
Smiles,1195000,2082-01-30,2083-07-30,0.134,Compra Bonificada
Latam Pass,615000,2082-02-19,2083-08-19,0.135,Voo
TudoAzul,1210000,2082-03-14,2083-09-14,0.133,Compra Bonificada
Smiles,595000,2082-04-03,2083-10-03,0.136,Cartão de Crédito
Latam Pass,630000,2082-05-12,2083-11-12,0.138,Voo
TudoAzul,580000,2082-06-21,2083-12-21,0.131,Cartão de Crédito
Smiles,1205000,2082-07-01,2084-01-01,0.135,Compra Bonificada
Latam Pass,620000,2082-08-10,2084-02-10,0.136,Voo
TudoAzul,1220000,2082-09-19,2084-03-19,0.134,Compra Bonificada
Smiles,600000,2082-10-28,2084-04-28,0.137,Cartão de Crédito
Latam Pass,635000,2082-11-08,2084-05-08,0.139,Voo
TudoAzul,585000,2082-12-27,2084-06-27,0.132,Cartão de Crédito
Smiles,1215000,2083-01-17,2084-07-17,0.136,Compra Bonificada
Latam Pass,625000,2083-02-06,2084-08-06,0.137,Voo
TudoAzul,1230000,2083-03-01,2084-09-01,0.135,Compra Bonificada
Smiles,605000,2083-04-11,2084-10-11,0.138,Cartão de Crédito
Latam Pass,640000,2083-05-20,2084-11-20,0.140,Voo
TudoAzul,590000,2083-06-03,2084-12-03,0.133,Cartão de Crédito
Smiles,1225000,2083-07-13,2085-01-13,0.137,Compra Bonificada
Latam Pass,630000,2083-08-22,2085-02-22,0.138,Voo
TudoAzul,1240000,2083-09-06,2085-03-06,0.136,Compra Bonificada
Smiles,610000,2083-10-30,2085-04-30,0.139,Cartão de Crédito
Latam Pass,645000,2083-11-09,2085-05-09,0.141,Voo
TudoAzul,595000,2083-12-19,2085-06-19,0.134,Cartão de Crédito
Smiles,1235000,2084-01-29,2085-07-29,0.138,Compra Bonificada
Latam Pass,635000,2084-02-18,2085-08-18,0.139,Voo
TudoAzul,1250000,2084-03-13,2085-09-13,0.137,Compra Bonificada
Smiles,615000,2084-04-02,2085-10-02,0.140,Cartão de Crédito
Latam Pass,650000,2084-05-11,2085-11-11,0.142,Voo
TudoAzul,600000,2084-06-20,2085-12-20,0.135,Cartão de Crédito
Smiles,1245000,2084-07-30,2086-01-30,0.139,Compra Bonificada
Latam Pass,640000,2084-08-09,2086-02-09,0.140,Voo
TudoAzul,1260000,2084-09-18,2086-03-18,0.138,Compra Bonificada
Smiles,620000,2084-10-27,2086-04-27,0.141,Cartão de Crédito
Latam Pass,655000,2084-11-07,2086-05-07,0.143,Voo
TudoAzul,605000,2084-12-26,2086-06-26,0.136,Cartão de Crédito
Smiles,1255000,2085-01-16,2086-07-16,0.140,Compra Bonificada
Latam Pass,645000,2085-02-05,2086-08-05,0.141,Voo
TudoAzul,1270000,2085-03-11,2086-09-11,0.139,Compra Bonificada
Smiles,625000,2085-04-21,2086-10-21,0.142,Cartão de Crédito
Latam Pass,660000,2085-05-01,2086-11-01,0.144,Voo
TudoAzul,610000,2085-06-10,2086-12-10,0.137,Cartão de Crédito
Smiles,1265000,2085-07-20,2087-01-20,0.141,Compra Bonificada
Latam Pass,650000,2085-08-29,2087-02-29,0.142,Voo
TudoAzul,1280000,2085-09-04,2087-03-04,0.140,Compra Bonificada
Smiles,630000,2085-10-19,2087-04-19,0.143,Cartão de Crédito
Latam Pass,665000,2085-11-06,2087-05-06,0.145,Voo
TudoAzul,615000,2085-12-24,2087-06-24,0.138,Cartão de Crédito
Smiles,1275000,2086-01-14,2087-07-14,0.142,Compra Bonificada
Latam Pass,655000,2086-02-03,2087-08-03,0.143,Voo
TudoAzul,1290000,2086-03-09,2087-09-09,0.141,Compra Bonificada
Smiles,635000,2086-04-18,2087-10-18,0.144,Cartão de Crédito
Latam Pass,670000,2086-05-27,2087-11-27,0.146,Voo
TudoAzul,620000,2086-06-09,2087-12-09,0.139,Cartão de Crédito
Smiles,1285000,2086-07-19,2088-01-19,0.143,Compra Bonificada
Latam Pass,660000,2086-08-28,2088-02-28,0.144,Voo
TudoAzul,1300000,2086-09-03,2088-03-03,0.142,Compra Bonificada
Smiles,640000,2086-10-13,2088-04-13,0.145,Cartão de Crédito
Latam Pass,675000,2086-11-01,2088-05-01,0.147,Voo
TudoAzul,625000,2086-12-29,2088-06-29,0.140,Cartão de Crédito
Smiles,1295000,2087-01-09,2088-07-09,0.144,Compra Bonificada
Latam Pass,665000,2087-02-28,2088-08-28,0.145,Voo
TudoAzul,1310000,2087-03-08,2088-09-08,0.143,Compra Bonificada
Smiles,645000,2087-04-17,2088-10-17,0.146,Cartão de Crédito
Latam Pass,680000,2087-05-26,2088-11-26,0.148,Voo
TudoAzul,630000,2087-06-08,2088-12-08,0.141,Cartão de Crédito
Smiles,1305000,2087-07-18,2089-01-18,0.145,Compra Bonificada
Latam Pass,670000,2087-08-27,2089-02-27,0.146,Voo
TudoAzul,1320000,2087-09-02,2089-03-02,0.144,Compra Bonificada
Smiles,650000,2087-10-12,2089-04-12,0.147,Cartão de Crédito
Latam Pass,685000,2087-11-30,2089-05-30,0.149,Voo
TudoAzul,635000,2087-12-22,2089-06-22,0.142,Cartão de Crédito
Smiles,1315000,2088-01-01,2089-07-01,0.146,Compra Bonificada
Latam Pass,675000,2088-02-21,2089-08-21,0.147,Voo
TudoAzul,1330000,2088-03-07,2089-09-07,0.145,Compra Bonificada
Smiles,655000,2088-04-06,2089-10-06,0.148,Cartão de Crédito
Latam Pass,690000,2088-05-15,2089-11-15,0.150,Voo
TudoAzul,640000,2088-06-24,2089-12-24,0.143,Cartão de Crédito
Smiles,1325000,2088-07-04,2090-01-04,0.147,Compra Bonificada
Latam Pass,680000,2088-08-13,2090-02-13,0.148,Voo
TudoAzul,1340000,2088-09-23,2090-03-23,0.146,Compra Bonificada
Smiles,660000,2088-10-02,2090-04-02,0.149,Cartão de Crédito
Latam Pass,695000,2088-11-21,2090-05-21,0.151,Voo
TudoAzul,645000,2088-12-11,2090-06-11,0.144,Cartão de Crédito
Smiles,1335000,2089-01-21,2090-07-21,0.148,Compra Bonificada
Latam Pass,685000,2089-02-10,2090-08-10,0.149,Voo
TudoAzul,1350000,2089-03-05,2090-09-05,0.147,Compra Bonificada
Smiles,665000,2089-04-15,2090-10-15,0.150,Cartão de Crédito
Latam Pass,700000,2089-05-04,2090-11-04,0.152,Voo
TudoAzul,650000,2089-06-14,2090-12-14,0.145,Cartão de Crédito
Smiles,1345000,2089-07-24,2091-01-24,0.149,Compra Bonificada
Latam Pass,690000,2089-08-03,2091-02-03,0.150,Voo
TudoAzul,1360000,2089-09-12,2091-03-12,0.148,Compra Bonificada
Smiles,670000,2089-10-23,2091-04-23,0.151,Cartão de Crédito
Latam Pass,705000,2089-11-01,2091-05-01,0.153,Voo
TudoAzul,655000,2089-12-20,2091-06-20,0.146,Cartão de Crédito
Smiles,1355000,2090-01-30,2091-07-30,0.150,Compra Bonificada
Latam Pass,695000,2090-02-19,2091-08-19,0.151,Voo
TudoAzul,1370000,2090-03-14,2091-09-14,0.149,Compra Bonificada
Smiles,675000,2090-04-03,2091-10-03,0.152,Cartão de Crédito
Latam Pass,710000,2090-05-12,2091-11-12,0.154,Voo
TudoAzul,660000,2090-06-21,2091-12-21,0.147,Cartão de Crédito
Smiles,1365000,2090-07-01,2092-01-01,0.151,Compra Bonificada
Latam Pass,700000,2090-08-10,2092-02-10,0.152,Voo
TudoAzul,1380000,2090-09-19,2092-03-19,0.150,Compra Bonificada
Smiles,680000,2090-10-28,2092-04-28,0.153,Cartão de Crédito
Latam Pass,715000,2090-11-08,2092-05-08,0.155,Voo
TudoAzul,665000,2090-12-27,2092-06-27,0.148,Cartão de Crédito
Smiles,1375000,2091-01-17,2092-07-17,0.152,Compra Bonificada
Latam Pass,705000,2091-02-06,2092-08-06,0.153,Voo
TudoAzul,1390000,2091-03-01,2092-09-01,0.151,Compra Bonificada
Smiles,685000,2091-04-11,2092-10-11,0.154,Cartão de Crédito
Latam Pass,720000,2091-05-20,2092-11-20,0.156,Voo
TudoAzul,670000,2091-06-03,2092-12-03,0.149,Cartão de Crédito
Smiles,1385000,2091-07-13,2093-01-13,0.153,Compra Bonificada
Latam Pass,710000,2091-08-22,2093-02-22,0.154,Voo
TudoAzul,1400000,2091-09-06,2093-03-06,0.152,Compra Bonificada
Smiles,690000,2091-10-30,2093-04-30,0.155,Cartão de Crédito
Latam Pass,725000,2091-11-09,2093-05-09,0.157,Voo
TudoAzul,675000,2091-12-19,2093-06-19,0.150,Cartão de Crédito
Smiles,1395000,2092-01-29,2093-07-29,0.154,Compra Bonificada
Latam Pass,715000,2092-02-18,2093-08-18,0.155,Voo
TudoAzul,1410000,2092-03-13,2093-09-13,0.153,Compra Bonificada
Smiles,695000,2092-04-02,2093-10-02,0.156,Cartão de Crédito
Latam Pass,730000,2092-05-11,2093-11-11,0.158,Voo
TudoAzul,680000,2092-06-20,2093-12-20,0.151,Cartão de Crédito
Smiles,1405000,2092-07-30,2094-01-30,0.155,Compra Bonificada
Latam Pass,720000,2092-08-09,2094-02-09,0.156,Voo
TudoAzul,1420000,2092-09-18,2094-03-18,0.154,Compra Bonificada
Smiles,700000,2092-10-27,2094-04-27,0.157,Cartão de Crédito
Latam Pass,735000,2092-11-07,2094-05-07,0.159,Voo
TudoAzul,685000,2092-12-26,2094-06-26,0.152,Cartão de Crédito
Smiles,1415000,2093-01-16,2094-07-16,0.156,Compra Bonificada
Latam Pass,725000,2093-02-05,2094-08-05,0.157,Voo
TudoAzul,1430000,2093-03-11,2094-09-11,0.155,Compra Bonificada
Smiles,705000,2093-04-21,2094-10-21,0.158,Cartão de Crédito
Latam Pass,740000,2093-05-01,2094-11-01,0.160,Voo
TudoAzul,690000,2093-06-10,2094-12-10,0.153,Cartão de Crédito
Smiles,1425000,2093-07-20,2095-01-20,0.157,Compra Bonificada
Latam Pass,730000,2093-08-29,2095-02-29,0.158,Voo
TudoAzul,1440000,2093-09-04,2095-03-04,0.156,Compra Bonificada
Smiles,710000,2093-10-19,2095-04-19,0.159,Cartão de Crédito
Latam Pass,745000,2093-11-06,2095-05-06,0.161,Voo
TudoAzul,695000,2093-12-24,2095-06-24,0.154,Cartão de Crédito
Smiles,1435000,2094-01-14,2095-07-14,0.158,Compra Bonificada
Latam Pass,735000,2094-02-03,2095-08-03,0.159,Voo
TudoAzul,1450000,2094-03-09,2095-09-09,0.157,Compra Bonificada
Smiles,715000,2094-04-18,2095-10-18,0.160,Cartão de Crédito
Latam Pass,750000,2094-05-27,2095-11-27,0.162,Voo
TudoAzul,700000,2094-06-09,2095-12-09,0.155,Cartão de Crédito
Smiles,1445000,2094-07-19,2096-01-19,0.159,Compra Bonificada
Latam Pass,740000,2094-08-28,2096-02-28,0.160,Voo
TudoAzul,1460000,2094-09-03,2096-03-03,0.158,Compra Bonificada
Smiles,720000,2094-10-13,2096-04-13,0.161,Cartão de Crédito
Latam Pass,755000,2094-11-01,2096-05-01,0.163,Voo
TudoAzul,705000,2094-12-29,2096-06-29,0.156,Cartão de Crédito
Smiles,1455000,2095-01-09,2096-07-09,0.160,Compra Bonificada
Latam Pass,745000,2095-02-28,2096-08-28,0.161,Voo
TudoAzul,1470000,2095-03-08,2096-09-08,0.159,Compra Bonificada
Smiles,725000,2095-04-17,2096-10-17,0.162,Cartão de Crédito
Latam Pass,760000,2095-05-26,2096-11-26,0.164,Voo
TudoAzul,710000,2095-06-08,2096-12-08,0.157,Cartão de Crédito
Smiles,1465000,2095-07-18,2097-01-18,0.161,Compra Bonificada
Latam Pass,750000,2095-08-27,2097-02-27,0.162,Voo
TudoAzul,1480000,2095-09-02,2097-03-02,0.160,Compra Bonificada
Smiles,730000,2095-10-12,2097-04-12,0.163,Cartão de Crédito
Latam Pass,765000,2095-11-30,2097-05-30,0.165,Voo
TudoAzul,715000,2095-12-22,2097-06-22,0.158,Cartão de Crédito
Smiles,1475000,2096-01-01,2097-07-01,0.162,Compra Bonificada
Latam Pass,755000,2096-02-21,2097-08-21,0.163,Voo
TudoAzul,1490000,2096-03-07,2097-09-07,0.161,Compra Bonificada
Smiles,735000,2096-04-06,2097-10-06,0.164,Cartão de Crédito
Latam Pass,770000,2096-05-15,2097-11-15,0.166,Voo
TudoAzul,720000,2096-06-24,2097-12-24,0.159,Cartão de Crédito
Smiles,1485000,2096-07-04,2098-01-04,0.163,Compra Bonificada
Latam Pass,760000,2096-08-13,2098-02-13,0.164,Voo
TudoAzul,1500000,2096-09-23,2098-03-23,0.162,Compra Bonificada
Smiles,740000,2096-10-02,2098-04-02,0.165,Cartão de Crédito
Latam Pass,775000,2096-11-21,2098-05-21,0.167,Voo
TudoAzul,725000,2096-12-11,2098-06-11,0.160,Cartão de Crédito
Smiles,1495000,2097-01-21,2098-07-21,0.164,Compra Bonificada
Latam Pass,765000,2097-02-10,2098-08-10,0.165,Voo
TudoAzul,1510000,2097-03-05,2098-09-05,0.163,Compra Bonificada
Smiles,745000,2097-04-15,2098-10-15,0.166,Cartão de Crédito
Latam Pass,780000,2097-05-04,2098-11-04,0.168,Voo
TudoAzul,730000,2097-06-14,2098-12-14,0.161,Cartão de Crédito
Smiles,1505000,2097-07-24,2099-01-24,0.165,Compra Bonificada
Latam Pass,770000,2097-08-03,2099-02-03,0.166,Voo
TudoAzul,1520000,2097-09-12,2099-03-12,0.164,Compra Bonificada
Smiles,750000,2097-10-23,2099-04-23,0.167,Cartão de Crédito
Latam Pass,785000,2097-11-01,2099-05-01,0.169,Voo
TudoAzul,735000,2097-12-20,2099-06-20,0.162,Cartão de Crédito
Smiles,1515000,2098-01-30,2099-07-30,0.166,Compra Bonificada
Latam Pass,775000,2098-02-19,2099-08-19,0.167,Voo
TudoAzul,1530000,2098-03-14,2099-09-14,0.165,Compra Bonificada
Smiles,755000,2098-04-03,2099-10-03,0.168,Cartão de Crédito
Latam Pass,790000,2098-05-12,2099-11-12,0.170,Voo
TudoAzul,740000,2098-06-21,2099-12-21,0.163,Cartão de Crédito
Smiles,1525000,2098-07-01,2100-01-01,0.167,Compra Bonificada
Latam Pass,780000,2098-08-10,2100-02-10,0.168,Voo
TudoAzul,1540000,2098-09-19,2100-03-19,0.166,Compra Bonificada
Smiles,760000,2098-10-28,2100-04-28,0.169,Cartão de Crédito
Latam Pass,795000,2098-11-08,2100-05-08,0.171,Voo
TudoAzul,745000,2098-12-27,2100-06-27,0.164,Cartão de Crédito
Smiles,1535000,2099-01-17,2100-07-17,0.168,Compra Bonificada
Latam Pass,785000,2099-02-06,2100-08-06,0.169,Voo
TudoAzul,1550000,2099-03-01,2100-09-01,0.167,Compra Bonificada
Smiles,765000,2099-04-11,2100-10-11,0.170,Cartão de Crédito
Latam Pass,800000,2099-05-20,2100-11-20,0.172,Voo
TudoAzul,750000,2099-06-03,2100-12-03,0.165,Cartão de Crédito
Smiles,1545000,2099-07-13,2101-01-13,0.169,Compra Bonificada
Latam Pass,790000,2099-08-22,2101-02-22,0.170,Voo
TudoAzul,1560000,2099-09-06,2101-03-06,0.168,Compra Bonificada
Smiles,770000,2099-10-30,2101-04-30,0.171,Cartão de Crédito
Latam Pass,805000,2099-11-09,2101-05-09,0.173,Voo
TudoAzul,755000,2099-12-19,2101-06-19,0.166,Cartão de Crédito
Smiles,1555000,2100-01-29,2101-07-29,0.170,Compra Bonificada
Latam Pass,795000,2100-02-18,2101-08-18,0.171,Voo
TudoAzul,1570000,2100-03-13,2101-09-13,0.169,Compra Bonificada
Smiles,775000,2100-04-02,2101-10-02,0.172,Cartão de Crédito
Latam Pass,810000,2100-05-11,2101-11-11,0.174,Voo
TudoAzul,760000,2100-06-20,2101-12-20,0.167,Cartão de Crédito
Smiles,1565000,2100-07-30,2102-01-30,0.171,Compra Bonificada
Latam Pass,800000,2100-08-09,2102-02-09,0.172,Voo
TudoAzul,1580000,2100-09-18,2102-03-18,0.170,Compra Bonificada
Smiles,780000,2100-10-27,2102-04-27,0.173,Cartão de Crédito
Latam Pass,815000,2100-11-07,2102-05-07,0.175,Voo
TudoAzul,765000,2100-12-26,2102-06-26,0.168,Cartão de Crédito
Smiles,1575000,2101-01-16,2102-07-16,0.172,Compra Bonificada
Latam Pass,805000,2101-02-05,2102-08-05,0.173,Voo
TudoAzul,1590000,2101-03-11,2102-09-11,0.171,Compra Bonificada
Smiles,785000,2101-04-21,2102-10-21,0.174,Cartão de Crédito
Latam Pass,820000,2101-05-01,2102-11-01,0.176,Voo
TudoAzul,770000,2101-06-10,2102-12-10,0.169,Cartão de Crédito
Smiles,1585000,2101-07-20,2103-01-20,0.173,Compra Bonificada
Latam Pass,810000,2101-08-29,2103-02-29,0.174,Voo
TudoAzul,1600000,2101-09-04,2103-03-04,0.172,Compra Bonificada
Smiles,790000,2101-10-19,2103-04-19,0.175,Cartão de Crédito
Latam Pass,825000,2101-11-06,2103-05-06,0.177,Voo
TudoAzul,775000,2101-12-24,2103-06-24,0.170,Cartão de Crédito
Smiles,1595000,2102-01-14,2103-07-14,0.174,Compra Bonificada
Latam Pass,815000,2102-02-03,2103-08-03,0.175,Voo
TudoAzul,1610000,2102-03-09,2103-09-09,0.173,Compra Bonificada
Smiles,795000,2102-04-18,2103-10-18,0.176,Cartão de Crédito
Latam Pass,830000,2102-05-27,2103-11-27,0.178,Voo
TudoAzul,780000,2102-06-09,2103-12-09,0.171,Cartão de Crédito
Smiles,1605000,2102-07-19,2104-01-19,0.175,Compra Bonificada
Latam Pass,820000,2102-08-28,2104-02-28,0.176,Voo
TudoAzul,1620000,2102-09-03,2104-03-03,0.174,Compra Bonificada
Smiles,800000,2102-10-13,2104-04-13,0.177,Cartão de Crédito
Latam Pass,835000,2102-11-01,2104-05-01,0.179,Voo
TudoAzul,785000,2102-12-29,2104-06-29,0.172,Cartão de Crédito
Smiles,1615000,2103-01-09,2104-07-09,0.176,Compra Bonificada
Latam Pass,825000,2103-02-28,2104-08-28,0.177,Voo
TudoAzul,1630000,2103-03-08,2104-09-08,0.175,Compra Bonificada
Smiles,805000,2103-04-17,2104-10-17,0.178,Cartão de Crédito
Latam Pass,840000,2103-05-26,2104-11-26,0.180,Voo
TudoAzul,790000,2103-06-08,2104-12-08,0.173,Cartão de Crédito
Smiles,1625000,2103-07-18,2105-01-18,0.177,Compra Bonificada
Latam Pass,830000,2103-08-27,2105-02-27,0.178,Voo
TudoAzul,1640000,2103-09-02,2105-03-02,0.176,Compra Bonificada
Smiles,810000,2103-10-12,2105-04-12,0.179,Cartão de Crédito
Latam Pass,845000,2103-11-30,2105-05-30,0.181,Voo
TudoAzul,795000,2103-12-22,2105-06-22,0.174,Cartão de Crédito
Smiles,1635000,2104-01-01,2105-07-01,0.178,Compra Bonificada
Latam Pass,835000,2104-02-21,2105-08-21,0.179,Voo
TudoAzul,1650000,2104-03-07,2105-09-07,0.177,Compra Bonificada
Smiles,815000,2104-04-06,2105-10-06,0.180,Cartão de Crédito
Latam Pass,850000,2104-05-15,2105-11-15,0.182,Voo
TudoAzul,800000,2104-06-24,2105-12-24,0.175,Cartão de Crédito
Smiles,1645000,2104-07-04,2106-01-04,0.179,Compra Bonificada
Latam Pass,840000,2104-08-13,2106-02-13,0.180,Voo
TudoAzul,1660000,2104-09-23,2106-03-23,0.178,Compra Bonificada
Smiles,820000,2104-10-02,2106-04-02,0.181,Cartão de Crédito
Latam Pass,855000,2104-11-21,2106-05-21,0.183,Voo
TudoAzul,805000,2104-12-11,2106-06-11,0.176,Cartão de Crédito
Smiles,1655000,2105-01-21,2106-07-21,0.180,Compra Bonificada
Latam Pass,845000,2105-02-10,2106-08-10,0.181,Voo
TudoAzul,1670000,2105-03-05,2106-09-05,0.179,Compra Bonificada
Smiles,825000,2105-04-15,2106-10-15,0.182,Cartão de Crédito
Latam Pass,860000,2105-05-04,2106-11-04,0.184,Voo
TudoAzul,810000,2105-06-14,2106-12-14,0.177,Cartão de Crédito
Smiles,1665000,2105-07-24,2107-01-24,0.181,Compra Bonificada
Latam Pass,850000,2105-08-03,2107-02-03,0.182,Voo
TudoAzul,1680000,2105-09-12,2107-03-12,0.180,Compra Bonificada
Smiles,830000,2105-10-23,2107-04-23,0.183,Cartão de Crédito
Latam Pass,865000,2105-11-01,2107-05-01,0.185,Voo
TudoAzul,815000,2105-12-20,2107-06-20,0.178,Cartão de Crédito
Smiles,1675000,2106-01-30,2107-07-30,0.182,Compra Bonificada
Latam Pass,855000,2106-02-19,2107-08-19,0.183,Voo
TudoAzul,1690000,2106-03-14,2107-09-14,0.181,Compra Bonificada
Smiles,835000,2106-04-03,2107-10-03,0.184,Cartão de Crédito
Latam Pass,870000,2106-05-12,2107-11-12,0.186,Voo
TudoAzul,820000,2106-06-21,2107-12-21,0.179,Cartão de Crédito
Smiles,1685000,2106-07-01,2108-01-01,0.183,Compra Bonificada
Latam Pass,860000,2106-08-10,2108-02-10,0.184,Voo
TudoAzul,1700000,2106-09-19,2108-03-19,0.182,Compra Bonificada
Smiles,840000,2106-10-28,2108-04-28,0.185,Cartão de Crédito
Latam Pass,875000,2106-11-08,2108-05-08,0.187,Voo
TudoAzul,825000,2106-12-27,2108-06-27,0.180,Cartão de Crédito
Smiles,1695000,2107-01-17,2108-07-17,0.184,Compra Bonificada
Latam Pass,865000,2107-02-06,2108-08-06,0.185,Voo
TudoAzul,1710000,2107-03-01,2108-09-01,0.183,Compra Bonificada
Smiles,845000,2107-04-11,2108-10-11,0.186,Cartão de Crédito
Latam Pass,880000,2107-05-20,2108-11-20,0.188,Voo
TudoAzul,830000,2107-06-03,2108-12-03,0.181,Cartão de Crédito
Smiles,1705000,2107-07-13,2109-01-13,0.185,Compra Bonificada
Latam Pass,870000,2107-08-22,2109-02-22,0.186,Voo
TudoAzul,1720000,2107-09-06,2109-03-06,0.184,Compra Bonificada
Smiles,850000,2107-10-30,2109-04-30,0.187,Cartão de Crédito
Latam Pass,885000,2107-11-09,2109-05-09,0.189,Voo
TudoAzul,835000,2107-12-19,2109-06-19,0.182,Cartão de Crédito
Smiles,1715000,2108-01-29,2109-07-29,0.186,Compra Bonificada
Latam Pass,875000,2108-02-18,2109-08-18,0.187,Voo
TudoAzul,1730000,2108-03-13,2109-09-13,0.185,Compra Bonificada
Smiles,855000,2108-04-02,2109-10-02,0.188,Cartão de Crédito
Latam Pass,890000,2108-05-11,2109-11-11,0.190,Voo
TudoAzul,840000,2108-06-20,2109-12-20,0.183,Cartão de Crédito
Smiles,1725000,2108-07-30,2110-01-30,0.187,Compra Bonificada
Latam Pass,880000,2108-08-09,2110-02-09,0.188,Voo
TudoAzul,1740000,2108-09-18,2110-03-18,0.186,Compra Bonificada
Smiles,860000,2108-10-27,2110-04-27,0.189,Cartão de Crédito
Latam Pass,895000,2108-11-07,2110-05-07,0.191,Voo
TudoAzul,845000,2108-12-26,2110-06-26,0.184,Cartão de Crédito
Smiles,1735000,2109-01-16,2110-07-16,0.188,Compra Bonificada
Latam Pass,885000,2109-02-05,2110-08-05,0.189,Voo
TudoAzul,1750000,2109-03-11,2110-09-11,0.187,Compra Bonificada
Smiles,865000,2109-04-21,2110-10-21,0.190,Cartão de Crédito
Latam Pass,900000,2109-05-01,2110-11-01,0.192,Voo
TudoAzul,850000,2109-06-10,2110-12-10,0.185,Cartão de Crédito
Smiles,1745000,2109-07-20,2111-01-20,0.189,Compra Bonificada
Latam Pass,890000,2109-08-29,2111-02-29,0.190,Voo
TudoAzul,1760000,2109-09-04,2111-03-04,0.188,Compra Bonificada
Smiles,870000,2109-10-19,2111-04-19,0.191,Cartão de Crédito
Latam Pass,905000,2109-11-06,2111-05-06,0.193,Voo
TudoAzul,855000,2109-12-24,2111-06-24,0.186,Cartão de Crédito
Smiles,1755000,2110-01-14,2111-07-14,0.190,Compra Bonificada
Latam Pass,895000,2110-02-03,2111-08-03,0.191,Voo
TudoAzul,1770000,2110-03-09,2111-09-09,0.189,Compra Bonificada
Smiles,875000,2110-04-18,2111-10-18,0.192,Cartão de Crédito
Latam Pass,910000,2110-05-27,2111-11-27,0.194,Voo
TudoAzul,860000,2110-06-09,2111-12-09,0.187,Cartão de Crédito
Smiles,1765000,2110-07-19,2112-01-19,0.191,Compra Bonificada
Latam Pass,900000,2110-08-28,2112-02-28,0.192,Voo
TudoAzul,1780000,2110-09-03,2112-03-03,0.190,Compra Bonificada
Smiles,880000,2110-10-13,2112-04-13,0.193,Cartão de Crédito
Latam Pass,915000,2110-11-01,2112-05-01,0.195,Voo
TudoAzul,865000,2110-12-29,2112-06-29,0.188,Cartão de Crédito
Smiles,1775000,2111-01-09,2112-07-09,0.192,Compra Bonificada
Latam Pass,905000,2111-02-28,2112-08-28,0.193,Voo
TudoAzul,1790000,2111-03-08,2112-09-08,0.191,Compra Bonificada
Smiles,885000,2111-04-17,2112-10-17,0.194,Cartão de Crédito
Latam Pass,920000,2111-05-26,2112-11-26,0.196,Voo
TudoAzul,870000,2111-06-08,2112-12-08,0.189,Cartão de Crédito
Smiles,1785000,2111-07-18,2113-01-18,0.193,Compra Bonificada
Latam Pass,910000,2111-08-27,2113-02-27,0.194,Voo
TudoAzul,1800000,2111-09-02,2113-03-02,0.192,Compra Bonificada
Smiles,890000,2111-10-12,2113-04-12,0.195,Cartão de Crédito
Latam Pass,925000,2111-11-30,2113-05-30,0.197,Voo
TudoAzul,875000,2111-12-22,2113-06-22,0.190,Cartão de Crédito
Smiles,1795000,2112-01-01,2113-07-01,0.194,Compra Bonificada
Latam Pass,915000,2112-02-21,2113-08-21,0.195,Voo
TudoAzul,1810000,2112-03-07,2113-09-07,0.193,Compra Bonificada
Smiles,895000,2112-04-06,2113-10-06,0.196,Cartão de Crédito
Latam Pass,930000,2112-05-15,2113-11-15,0.198,Voo
TudoAzul,880000,2112-06-24,2113-12-24,0.191,Cartão de Crédito
Smiles,1805000,2112-07-04,2114-01-04,0.195,Compra Bonificada
Latam Pass,920000,2112-08-13,2114-02-13,0.196,Voo
TudoAzul,1820000,2112-09-23,2114-03-23,0.194,Compra Bonificada
Smiles,900000,2112-10-02,2114-04-02,0.197,Cartão de Crédito
Latam Pass,935000,2112-11-21,2114-05-21,0.199,Voo
TudoAzul,885000,2112-12-11,2114-06-11,0.192,Cartão de Crédito
Smiles,1815000,2113-01-21,2114-07-21,0.196,Compra Bonificada
Latam Pass,925000,2113-02-10,2114-08-10,0.197,Voo
TudoAzul,1830000,2113-03-05,2114-09-05,0.195,Compra Bonificada
Smiles,905000,2113-04-15,2114-10-15,0.198,Cartão de Crédito
Latam Pass,940000,2113-05-04,2114-11-04,0.200,Voo
TudoAzul,890000,2113-06-14,2114-12-14,0.193,Cartão de Crédito
Smiles,1825000,2113-07-24,2115-01-24,0.197,Compra Bonificada
Latam Pass,930000,2113-08-03,2115-02-03,0.198,Voo
TudoAzul,1840000,2113-09-12,2115-03-12,0.196,Compra Bonificada
Smiles,910000,2113-10-23,2115-04-23,0.199,Cartão de Crédito
Latam Pass,945000,2113-11-01,2115-05-01,0.201,Voo
TudoAzul,895000,2113-12-20,2115-06-20,0.194,Cartão de Crédito
Smiles,1835000,2114-01-30,2115-07-30,0.198,Compra Bonificada
Latam Pass,935000,2114-02-19,2115-08-19,0.199,Voo
TudoAzul,1850000,2114-03-14,2115-09-14,0.197,Compra Bonificada
Smiles,915000,2114-04-03,2115-10-03,0.200,Cartão de Crédito
Latam Pass,950000,2114-05-12,2115-11-12,0.202,Voo
TudoAzul,900000,2114-06-21,2115-12-21,0.195,Cartão de Crédito
Smiles,1845000,2114-07-01,2116-01-01,0.199,Compra Bonificada
Latam Pass,940000,2114-08-10,2116-02-10,0.200,Voo
TudoAzul,1860000,2114-09-19,2116-03-19,0.198,Compra Bonificada
Smiles,920000,2114-10-28,2116-04-28,0.201,Cartão de Crédito
Latam Pass,955000,2114-11-08,2116-05-08,0.203,Voo
TudoAzul,905000,2114-12-27,2116-06-27,0.196,Cartão de Crédito
Smiles,1855000,2115-01-17,2116-07-17,0.200,Compra Bonificada
Latam Pass,945000,2115-02-06,2116-08-06,0.201,Voo
TudoAzul,1870000,2115-03-01,2116-09-01,0.199,Compra Bonificada
Smiles,925000,2115-04-11,2116-10-11,0.202,Cartão de Crédito
Latam Pass,960000,2115-05-20,2116-11-20,0.204,Voo
TudoAzul,910000,2115-06-03,2116-12-03,0.197,Cartão de Crédito
Smiles,1865000,2115-07-13,2117-01-13,0.201,Compra Bonificada
Latam Pass,950000,2115-08-22,2117-02-22,0.202,Voo
TudoAzul,1880000,2115-09-06,2117-03-06,0.200,Compra Bonificada
Smiles,930000,2115-10-30,2117-04-30,0.203,Cartão de Crédito
Latam Pass,965000,2115-11-09,2117-05-09,0.205,Voo
TudoAzul,915000,2115-12-19,2117-06-19,0.198,Cartão de Crédito
Smiles,1875000,2116-01-29,2117-07-29,0.202,Compra Bonificada
Latam Pass,955000,2116-02-18,2117-08-18,0.203,Voo
TudoAzul,1890000,2116-03-13,2117-09-13,0.201,Compra Bonificada
Smiles,935000,2116-04-02,2117-10-02,0.204,Cartão de Crédito
Latam Pass,970000,2116-05-11,2117-11-11,0.206,Voo
TudoAzul,920000,2116-06-20,2117-12-20,0.199,Cartão de Crédito
Smiles,1885000,2116-07-30,2118-01-30,0.203,Compra Bonificada
Latam Pass,960000,2116-08-09,2118-02-09,0.204,Voo
TudoAzul,1900000,2116-09-18,2118-03-18,0.202,Compra Bonificada
Smiles,940000,2116-10-27,2118-04-27,0.205,Cartão de Crédito
Latam Pass,975000,2116-11-07,2118-05-07,0.207,Voo
TudoAzul,925000,2116-12-26,2118-06-26,0.200,Cartão de Crédito
Smiles,1895000,2117-01-16,2118-07-16,0.204,Compra Bonificada
Latam Pass,965000,2117-02-05,2118-08-05,0.205,Voo
TudoAzul,1910000,2117-03-11,2118-09-11,0.203,Compra Bonificada
Smiles,945000,2117-04-21,2118-10-21,0.206,Cartão de Crédito
Latam Pass,980000,2117-05-01,2118-11-01,0.208,Voo
TudoAzul,930000,2117-06-10,2118-12-10,0.201,Cartão de Crédito
Smiles,1905000,2117-07-20,2119-01-20,0.205,Compra Bonificada
Latam Pass,970000,2117-08-29,2119-02-29,0.206,Voo
TudoAzul,1920000,2117-09-04,2119-03-04,0.204,Compra Bonificada
Smiles,950000,2117-10-19,2119-04-19,0.207,Cartão de Crédito
Latam Pass,985000,2117-11-06,2119-05-06,0.209,Voo
TudoAzul,935000,2117-12-24,2119-06-24,0.202,Cartão de Crédito
Smiles,1915000,2118-01-14,2119-07-14,0.206,Compra Bonificada
Latam Pass,975000,2118-02-03,2119-08-03,0.207,Voo
TudoAzul,1930000,2118-03-09,2119-09-09,0.205,Compra Bonificada
Smiles,955000,2118-04-18,2119-10-18,0.208,Cartão de Crédito
Latam Pass,990000,2118-05-27,2119-11-27,0.210,Voo
TudoAzul,940000,2118-06-09,2119-12-09,0.203,Cartão de Crédito
Smiles,1925000,2118-07-19,2120-01-19,0.207,Compra Bonificada
Latam Pass,980000,2118-08-28,2120-02-28,0.208,Voo
TudoAzul,1940000,2118-09-03,2120-03-03,0.206,Compra Bonificada
Smiles,960000,2118-10-13,2120-04-13,0.209,Cartão de Crédito
Latam Pass,995000,2118-11-01,2120-05-01,0.211,Voo
TudoAzul,945000,2118-12-29,2120-06-29,0.204,Cartão de Crédito
Smiles,1935000,2119-01-09,2120-07-09,0.208,Compra Bonificada
Latam Pass,985000,2119-02-28,2120-08-28,0.209,Voo
TudoAzul,1950000,2119-03-08,2120-09-08,0.207,Compra Bonificada
Smiles,965000,2119-04-17,2120-10-17,0.210,Cartão de Crédito
Latam Pass,1000000,2119-05-26,2120-11-26,0.212,Voo
TudoAzul,950000,2119-06-08,2120-12-08,0.205,Cartão de Crédito
Smiles,1945000,2119-07-18,2121-01-18,0.209,Compra Bonificada
Latam Pass,990000,2119-08-27,2121-02-27,0.210,Voo
TudoAzul,1960000,2119-09-02,2121-03-02,0.208,Compra Bonificada
Smiles,970000,2119-10-12,2121-04-12,0.211,Cartão de Crédito
Latam Pass,1005000,2119-11-30,2121-05-30,0.213,Voo
TudoAzul,955000,2119-12-22,2121-06-22,0.206,Cartão de Crédito
Smiles,1955000,2120-01-01,2121-07-01,0.210,Compra Bonificada
Latam Pass,995000,2120-02-21,2121-08-21,0.211,Voo
TudoAzul,1970000,2120-03-07,2121-09-07,0.209,Compra Bonificada
Smiles,975000,2120-04-06,2121-10-06,0.212,Cartão de Crédito
Latam Pass,1010000,2120-05-15,2121-11-15,0.214,Voo
TudoAzul,960000,2120-06-24,2121-12-24,0.207,Cartão de Crédito
Smiles,1965000,2120-07-04,2122-01-04,0.211,Compra Bonificada
Latam Pass,1000000,2120-08-13,2122-02-13,0.212,Voo
TudoAzul,1980000,2120-09-23,2122-03-23,0.210,Compra Bonificada
Smiles,980000,2120-10-02,2122-04-02,0.213,Cartão de Crédito
Latam Pass,1015000,2120-11-21,2122-05-21,0.215,Voo
TudoAzul,965000,2120-12-11,2122-06-11,0.208,Cartão de Crédito
Smiles,1975000,2121-01-21,2122-07-21,0.212,Compra Bonificada
Latam Pass,1005000,2121-02-10,2122-08-10,0.213,Voo
TudoAzul,1990000,2121-03-05,2122-09-05,0.211,Compra Bonificada
Smiles,985000,2121-04-15,2122-10-15,0.214,Cartão de Crédito
Latam Pass,1020000,2121-05-04,2122-11-04,0.216,Voo
TudoAzul,970000,2121-06-14,2122-12-14,0.209,Cartão de Crédito
Smiles,1985000,2121-07-24,2123-01-24,0.213,Compra Bonificada
Latam Pass,1010000,2121-08-03,2123-02-03,0.214,Voo
TudoAzul,2000000,2121-09-12,2123-03-12,0.212,Compra Bonificada
Smiles,990000,2121-10-23,2123-04-23,0.215,Cartão de Crédito
Latam Pass,1025000,2121-11-01,2123-05-01,0.217,Voo
TudoAzul,975000,2121-12-20,2123-06-20,0.210,Cartão de Crédito
Smiles,1995000,2122-01-30,2123-07-30,0.214,Compra Bonificada
Latam Pass,1015000,2122-02-19,2123-08-19,0.215,Voo
TudoAzul,2010000,2122-03-14,2123-09-14,0.213,Compra Bonificada
Smiles,995000,2122-04-03,2123-10-03,0.216,Cartão de Crédito
Latam Pass,1030000,2122-05-12,2123-11-12,0.218,Voo
TudoAzul,980000,2122-06-21,2123-12-21,0.211,Cartão de Crédito
Smiles,2005000,2122-07-01,2124-01-01,0.215,Compra Bonificada
Latam Pass,1020000,2122-08-10,2124-02-10,0.216,Voo
TudoAzul,2020000,2122-09-19,2124-03-19,0.214,Compra Bonificada
Smiles,1000000,2122-10-28,2124-04-28,0.217,Cartão de Crédito
Latam Pass,1035000,2122-11-08,2124-05-08,0.219,Voo
TudoAzul,985000,2122-12-27,2124-06-27,0.212,Cartão de Crédito
Smiles,2015000,2123-01-17,2124-07-17,0.216,Compra Bonificada
Latam Pass,1025000,2123-02-06,2124-08-06,0.217,Voo
TudoAzul,2030000,2123-03-01,2124-09-01,0.215,Compra Bonificada
Smiles,1005000,2123-04-11,2124-10-11,0.218,Cartão de Crédito
Latam Pass,1040000,2123-05-20,2124-11-20,0.220,Voo
TudoAzul,990000,2123-06-03,2124-12-03,0.213,Cartão de Crédito
Smiles,2025000,2123-07-13,2125-01-13,0.217,Compra Bonificada
Latam Pass,1030000,2123-08-22,2125-02-22,0.218,Voo
TudoAzul,2040000,2123-09-06,2125-03-06,0.216,Compra Bonificada
Smiles,1010000,2123-10-30,2125-04-30,0.219,Cartão de Crédito
Latam Pass,1045000,2123-11-09,2125-05-09,0.221,Voo
TudoAzul,995000,2123-12-19,2125-06-19,0.214,Cartão de Crédito
Smiles,2035000,2124-01-29,2125-07-29,0.218,Compra Bonificada
Latam Pass,1035000,2124-02-18,2125-08-18,0.219,Voo
TudoAzul,2050000,2124-03-13,2125-09-13,0.217,Compra Bonificada
Smiles,1015000,2124-04-02,2125-10-02,0.220,Cartão de Crédito
Latam Pass,1050000,2124-05-11,2125-11-11,0.222,Voo
TudoAzul,1000000,2124-06-20,2125-12-20,0.215,Cartão de Crédito
Smiles,2045000,2124-07-30,2126-01-30,0.219,Compra Bonificada
Latam Pass,1040000,2124-08-09,2126-02-09,0.220,Voo
TudoAzul,2060000,2124-09-18,2126-03-18,0.218,Compra Bonificada
Smiles,1020000,2124-10-27,2126-04-27,0.221,Cartão de Crédito
Latam Pass,1055000,2124-11-07,2126-05-07,0.223,Voo
TudoAzul,1005000,2124-12-26,2126-06-26,0.216,Cartão de Crédito
Smiles,2055000,2125-01-16,2126-07-16,0.220,Compra Bonificada
Latam Pass,1045000,2125-02-05,2126-08-05,0.221,Voo
TudoAzul,2070000,2125-03-11,2126-09-11,0.219,Compra Bonificada
Smiles,1025000,2125-04-21,2126-10-21,0.222,Cartão de Crédito
Latam Pass,1060000,2125-05-01,2126-11-01,0.224,Voo
TudoAzul,1010000,2125-06-10,2126-12-10,0.217,Cartão de Crédito
Smiles,2065000,2125-07-20,2127-01-20,0.221,Compra Bonificada
Latam Pass,1050000,2125-08-29,2127-02-29,0.222,Voo
TudoAzul,2080000,2125-09-04,2127-03-04,0.220,Compra Bonificada
Smiles,1030000,2125-10-19,2127-04-19,0.223,Cartão de Crédito
Latam Pass,1065000,2125-11-06,2127-05-06,0.225,Voo
TudoAzul,1015000,2125-12-24,2127-06-24,0.218,Cartão de Crédito
Smiles,2075000,2126-01-14,2127-07-14,0.222,Compra Bonificada
Latam Pass,1055000,2126-02-03,2127-08-03,0.223,Voo
TudoAzul,2090000,2126-03-09,2127-09-09,0.221,Compra Bonificada
Smiles,1035000,2126-04-18,2127-10-18,0.224,Cartão de Crédito
Latam Pass,1070000,2126-05-27,2127-11-27,0.226,Voo
TudoAzul,1020000,2126-06-09,2127-12-09,0.219,Cartão de Crédito
Smiles,2085000,2126-07-19,2128-01-19,0.223,Compra Bonificada
Latam Pass,1060000,2126-08-28,2128-02-28,0.224,Voo
TudoAzul,2100000,2126-09-03,2128-03-03,0.222,Compra Bonificada
Smiles,1040000,2126-10-13,2128-04-13,0.225,Cartão de Crédito
Latam Pass,1075000,2126-11-01,2128-05-01,0.227,Voo
TudoAzul,1025000,2126-12-29,2128-06-29,0.220,Cartão de Crédito
Smiles,2095000,2127-01-09,2128-07-09,0.224,Compra Bonificada
Latam Pass,1065000,2127-02-28,2128-08-28,0.225,Voo
TudoAzul,2110000,2127-03-08,2128-09-08,0.223,Compra Bonificada
Smiles,1045000,2127-04-17,2128-10-17,0.226,Cartão de Crédito
Latam Pass,1080000,2127-05-26,2128-11-26,0.228,Voo
TudoAzul,1030000,2127-06-08,2128-12-08,0.221,Cartão de Crédito
Smiles,2105000,2127-07-18,2129-01-18,0.225,Compra Bonificada
Latam Pass,1070000,2127-08-27,2129-02-27,0.226,Voo
TudoAzul,2120000,2127-09-02,2129-03-02,0.224,Compra Bonificada
Smiles,1050000,2127-10-12,2129-04-12,0.227,Cartão de Crédito
Latam Pass,1085000,2127-11-30,2129-05-30,0.229,Voo
TudoAzul,1035000,2127-12-22,2129-06-22,0.222,Cartão de Crédito
Smiles,2115000,2128-01-01,2129-07-01,0.226,Compra Bonificada
Latam Pass,1075000,2128-02-21,2129-08-21,0.227,Voo
TudoAzul,2130000,2128-03-07,2129-09-07,0.225,Compra Bonificada
Smiles,1055000,2128-04-06,2129-10-06,0.228,Cartão de Crédito
Latam Pass,1090000,2128-05-15,2129-11-15,0.230,Voo
TudoAzul,1040000,2128-06-24,2129-12-24,0.223,Cartão de Crédito
Smiles,2125000,2128-07-04,2130-01-04,0.227,Compra Bonificada
Latam Pass,1080000,2128-08-13,2130-02-13,0.228,Voo
TudoAzul,2140000,2128-09-23,2130-03-23,0.226,Compra Bonificada
Smiles,1060000,2128-10-02,2130-04-02,0.229,Cartão de Crédito
Latam Pass,1095000,2128-11-21,2130-05-21,0.231,Voo
TudoAzul,1045000,2128-12-11,2130-06-11,0.224,Cartão de Crédito
Smiles,2135000,2129-01-21,2130-07-21,0.228,Compra Bonificada
Latam Pass,1085000,2129-02-10,2130-08-10,0.229,Voo
TudoAzul,2150000,2129-03-05,2130-09-05,0.227,Compra Bonificada
Smiles,1065000,2129-04-15,2130-10-15,0.230,Cartão de Crédito
Latam Pass,1100000,2129-05-04,2130-11-04,0.232,Voo
TudoAzul,1050000,2129-06-14,2130-12-14,0.225,Cartão de Crédito
Smiles,2145000,2129-07-24,2131-01-24,0.229,Compra Bonificada
Latam Pass,1090000,2129-08-03,2131-02-03,0.230,Voo
TudoAzul,2160000,2129-09-12,2131-03-12,0.228,Compra Bonificada
Smiles,1070000,2129-10-23,2131-04-23,0.231,Cartão de Crédito
Latam Pass,1105000,2129-11-01,2131-05-01,0.233,Voo
TudoAzul,1055000,2129-12-20,2131-06-20,0.226,Cartão de Crédito
Smiles,2155000,2130-01-30,2131-07-30,0.230,Compra Bonificada
Latam Pass,1095000,2130-02-19,2131-08-19,0.231,Voo
TudoAzul,2170000,2130-03-14,2131-09-14,0.229,Compra Bonificada
Smiles,1075000,2130-04-03,2131-10-03,0.232,Cartão de Crédito
Latam Pass,1110000,2130-05-12,2131-11-12,0.234,Voo
TudoAzul,1060000,2130-06-21,2131-12-21,0.227,Cartão de Crédito
Smiles,2165000,2130-07-01,2132-01-01,0.231,Compra Bonificada
Latam Pass,1100000,2130-08-10,2132-02-10,0.232,Voo
TudoAzul,2180000,2130-09-19,2132-03-19,0.230,Compra Bonificada
Smiles,1080000,2130-10-28,2132-04-28,0.233,Cartão de Crédito
Latam Pass,1115000,2130-11-08,2132-05-08,0.235,Voo
TudoAzul,1065000,2130-12-27,2132-06-27,0.228,Cartão de Crédito
Smiles,2175000,2131-01-17,2132-07-17,0.232,Compra Bonificada
Latam Pass,1105000,2131-02-06,2132-08-06,0.233,Voo
TudoAzul,2190000,2131-03-01,2132-09-01,0.231,Compra Bonificada
Smiles,1085000,2131-04-11,2132-10-11,0.234,Cartão de Crédito
Latam Pass,1120000,2131-05-20,2132-11-20,0.236,Voo
TudoAzul,1070000,2131-06-03,2132-12-03,0.229,Cartão de Crédito
Smiles,2185000,2131-07-13,2133-01-13,0.233,Compra Bonificada
Latam Pass,1110000,2131-08-22,2133-02-22,0.234,Voo
TudoAzul,2200000,2131-09-06,2133-03-06,0.232,Compra Bonificada
Smiles,1090000,2131-10-30,2133-04-30,0.235,Cartão de Crédito
Latam Pass,1125000,2131-11-09,2133-05-09,0.237,Voo
TudoAzul,1075000,2131-12-19,2133-06-19,0.230,Cartão de Crédito
Smiles,2195000,2132-01-29,2133-07-29,0.234,Compra Bonificada
Latam Pass,1115000,2132-02-18,2133-08-18,0.235,Voo
TudoAzul,2210000,2132-03-13,2133-09-13,0.233,Compra Bonificada
Smiles,1095000,2132-04-02,2133-10-02,0.236,Cartão de Crédito
Latam Pass,1130000,2132-05-11,2133-11-11,0.238,Voo
TudoAzul,1080000,2132-06-20,2133-12-20,0.231,Cartão de Crédito
Smiles,2205000,2132-07-30,2134-01-30,0.235,Compra Bonificada
Latam Pass,1120000,2132-08-09,2134-02-09,0.236,Voo
TudoAzul,2220000,2132-09-18,2134-03-18,0.234,Compra Bonificada
Smiles,1100000,2132-10-27,2134-04-27,0.237,Cartão de Crédito
Latam Pass,1135000,2132-11-07,2134-05-07,0.239,Voo
TudoAzul,1085000,2132-12-26,2134-06-26,0.232,Cartão de Crédito
Smiles,2215000,2133-01-16,2134-07-16,0.236,Compra Bonificada
Latam Pass,1125000,2133-02-05,2134-08-05,0.237,Voo
TudoAzul,2230000,2133-03-11,2134-09-11,0.235,Compra Bonificada
Smiles,1105000,2133-04-21,2134-10-21,0.238,Cartão de Crédito
Latam Pass,1140000,2133-05-01,2134-11-01,0.240,Voo
TudoAzul,1090000,2133-06-10,2134-12-10,0.233,Cartão de Crédito
Smiles,2225000,2133-07-20,2135-01-20,0.237,Compra Bonificada
Latam Pass,1130000,2133-08-29,2135-02-29,0.238,Voo
TudoAzul,2240000,2133-09-04,2135-03-04,0.236,Compra Bonificada
Smiles,1110000,2133-10-19,2135-04-19,0.239,Cartão de Crédito
Latam Pass,1145000,2133-11-06,2135-05-06,0.241,Voo
TudoAzul,1095000,2133-12-24,2135-06-24,0.234,Cartão de Crédito
Smiles,2235000,2134-01-14,2135-07-14,0.238,Compra Bonificada
Latam Pass,1135000,2134-02-03,2135-08-03,0.239,Voo
TudoAzul,2250000,2134-03-09,2135-09-09,0.237,Compra Bonificada
Smiles,1115000,2134-04-18,2135-10-18,0.240,Cartão de Crédito
Latam Pass,1150000,2134-05-27,2135-11-27,0.242,Voo
TudoAzul,1100000,2134-06-09,2135-12-09,0.235,Cartão de Crédito
Smiles,2245000,2134-07-19,2136-01-19,0.239,Compra Bonificada
Latam Pass,1140000,2134-08-28,2136-02-28,0.240,Voo
TudoAzul,2260000,2134-09-03,2136-03-03,0.238,Compra Bonificada
Smiles,1120000,2134-10-13,2136-04-13,0.241,Cartão de Crédito
Latam Pass,1155000,2134-11-01,2136-05-01,0.243,Voo
TudoAzul,1105000,2134-12-29,2136-06-29,0.236,Cartão de Crédito
Smiles,2255000,2135-01-09,2136-07-09,0.240,Compra Bonificada
Latam Pass,1145000,2135-02-28,2136-08-28,0.241,Voo
TudoAzul,2270000,2135-03-08,2136-09-08,0.239,Compra Bonificada
Smiles,1125000,2135-04-17,2136-10-17,0.242,Cartão de Crédito
Latam Pass,1160000,2135-05-26,2136-11-26,0.244,Voo
TudoAzul,1110000,2135-06-08,2136-12-08,0.237,Cartão de Crédito
Smiles,2265000,2135-07-18,2137-01-18,0.241,Compra Bonificada
Latam Pass,1150000,2135-08-27,2137-02-27,0.242,Voo
TudoAzul,2280000,2135-09-02,2137-03-02,0.240,Compra Bonificada
Smiles,1130000,2135-10-12,2137-04-12,0.243,Cartão de Crédito
Latam Pass,1165000,2135-11-30,2137-05-30,0.245,Voo
TudoAzul,1115000,2135-12-22,2137-06-22,0.238,Cartão de Crédito
Smiles,2275000,2136-01-01,2137-07-01,0.242,Compra Bonificada
Latam Pass,1155000,2136-02-21,2137-08-21,0.243,Voo
TudoAzul,2290000,2136-03-07,2137-09-07,0.241,Compra Bonificada
Smiles,1135000,2136-04-06,2137-10-06,0.244,Cartão de Crédito
Latam Pass,1170000,2136-05-15,2137-11-15,0.246,Voo
TudoAzul,1120000,2136-06-24,2137-12-24,0.239,Cartão de Crédito
Smiles,2285000,2136-07-04,2138-01-04,0.243,Compra Bonificada
Latam Pass,1160000,2136-08-13,2138-02-13,0.244,Voo
TudoAzul,2300000,2136-09-23,2138-03-23,0.242,Compra Bonificada
Smiles,1140000,2136-10-02,2138-04-02,0.245,Cartão de Crédito
Latam Pass,1175000,2136-11-21,2138-05-21,0.247,Voo
TudoAzul,1125000,2136-12-11,2138-06-11,0.240,Cartão de Crédito
Smiles,2295000,2137-01-21,2138-07-21,0.244,Compra Bonificada
Latam Pass,1165000,2137-02-10,2138-08-10,0.245,Voo
TudoAzul,2310000,2137-03-05,2138-09-05,0.243,Compra Bonificada
Smiles,1145000,2137-04-15,2138-10-15,0.246,Cartão de Crédito
Latam Pass,1180000,2137-05-04,2138-11-04,0.248,Voo
TudoAzul,1130000,2137-06-14,2138-12-14,0.241,Cartão de Crédito
Smiles,2305000,2137-07-24,2139-01-24,0.245,Compra Bonificada
Latam Pass,1170000,2137-08-03,2139-02-03,0.246,Voo
TudoAzul,2320000,2137-09-12,2139-03-12,0.244,Compra Bonificada
Smiles,1150000,2137-10-23,2139-04-23,0.247,Cartão de Crédito
Latam Pass,1185000,2137-11-01,2139-05-01,0.249,Voo
TudoAzul,1135000,2137-12-20,2139-06-20,0.242,Cartão de Crédito
Smiles,2315000,2138-01-30,2139-07-30,0.246,Compra Bonificada
Latam Pass,1175000,2138-02-19,2139-08-19,0.247,Voo
TudoAzul,2330000,2138-03-14,2139-09-14,0.245,Compra Bonificada
Smiles,1155000,2138-04-03,2139-10-03,0.248,Cartão de Crédito
Latam Pass,1190000,2138-05-12,2139-11-12,0.250,Voo
TudoAzul,1140000,2138-06-21,2139-12-21,0.243,Cartão de Crédito
Smiles,2325000,2138-07-01,2140-01-01,0.247,Compra Bonificada
Latam Pass,1180000,2138-08-10,2140-02-10,0.248,Voo
TudoAzul,2340000,2138-09-19,2140-03-19,0.246,Compra Bonificada
Smiles,1160000,2138-10-28,2140-04-28,0.249,Cartão de Crédito
Latam Pass,1195000,2138-11-08,2140-05-08,0.251,Voo
TudoAzul,1145000,2138-12-27,2140-06-27,0.244,Cartão de Crédito
Smiles,2335000,2139-01-17,2140-07-17,0.248,Compra Bonificada
Latam Pass,1185000,2139-02-06,2140-08-06,0.249,Voo
TudoAzul,2350000,2139-03-01,2140-09-01,0.247,Compra Bonificada
Smiles,1165000,2139-04-11,2140-10-11,0.250,Cartão de Crédito
Latam Pass,1200000,2139-05-20,2140-11-20,0.252,Voo
TudoAzul,1150000,2139-06-03,2140-12-03,0.245,Cartão de Crédito
Smiles,2345000,2139-07-13,2141-01-13,0.249,Compra Bonificada
Latam Pass,1190000,2139-08-22,2141-02-22,0.250,Voo
TudoAzul,2360000,2139-09-06,2141-03-06,0.248,Compra Bonificada
Smiles,1170000,2139-10-30,2141-04-30,0.251,Cartão de Crédito
Latam Pass,1205000,2139-11-09,2141-05-09,0.253,Voo
TudoAzul,1155000,2139-12-19,2141-06-19,0.246,Cartão de Crédito
Smiles,2355000,2140-01-29,2141-07-29,0.250,Compra Bonificada
Latam Pass,1195000,2140-02-18,2141-08-18,0.251,Voo
TudoAzul,2370000,2140-03-13,2141-09-13,0.249,Compra Bonificada
Smiles,1175000,2140-04-02,2141-10-02,0.252,Cartão de Crédito
Latam Pass,1210000,2140-05-11,2141-11-11,0.254,Voo
TudoAzul,1160000,2140-06-20,2141-12-20,0.247,Cartão de Crédito
Smiles,2365000,2140-07-30,2142-01-30,0.251,Compra Bonificada
Latam Pass,1200000,2140-08-09,2142-02-09,0.252,Voo
TudoAzul,2380000,2140-09-18,2142-03-18,0.250,Compra Bonificada
Smiles,1180000,2140-10-27,2142-04-27,0.253,Cartão de Crédito
Latam Pass,1215000,2140-11-07,2142-05-07,0.255,Voo
TudoAzul,1165000,2140-12-26,2142-06-26,0.248,Cartão de Crédito
Smiles,2375000,2141-01-16,2142-07-16,0.252,Compra Bonificada
Latam Pass,1205000,2141-02-05,2142-08-05,0.253,Voo
TudoAzul,2390000,2141-03-11,2142-09-11,0.251,Compra Bonificada
Smiles,1185000,2141-04-21,2142-10-21,0.254,Cartão de Crédito
Latam Pass,1220000,2141-05-01,2142-11-01,0.256,Voo
TudoAzul,1170000,2141-06-10,2142-12-10,0.249,Cartão de Crédito
Smiles,2385000,2141-07-20,2143-01-20,0.253,Compra Bonificada
Latam Pass,1210000,2141-08-29,2143-02-29,0.254,Voo
TudoAzul,2400000,2141-09-04,2143-03-04,0.252,Compra Bonificada
Smiles,1190000,2141-10-19,2143-04-19,0.255,Cartão de Crédito
Latam Pass,1225000,2141-11-06,2143-05-06,0.257,Voo
TudoAzul,1175000,2141-12-24,2143-06-24,0.250,Cartão de Crédito
Smiles,2395000,2142-01-14,2143-07-14,0.254,Compra Bonificada
Latam Pass,1215000,2142-02-03,2143-08-03,0.255,Voo
TudoAzul,2410000,2142-03-09,2143-09-09,0.253,Compra Bonificada
Smiles,1195000,2142-04-18,2143-10-18,0.256,Cartão de Crédito
Latam Pass,1230000,2142-05-27,2143-11-27,0.258,Voo
TudoAzul,1180000,2142-06-09,2143-12-09,0.251,Cartão de Crédito
Smiles,2405000,2142-07-19,2144-01-19,0.255,Compra Bonificada
Latam Pass,1220000,2142-08-28,2144-02-28,0.256,Voo
TudoAzul,2420000,2142-09-03,2144-03-03,0.254,Compra Bonificada
Smiles,1200000,2142-10-13,2144-04-13,0.257,Cartão de Crédito
Latam Pass,1235000,2142-11-01,2144-05-01,0.259,Voo
TudoAzul,1185000,2142-12-29,2144-06-29,0.252,Cartão de Crédito
Smiles,2415000,2143-01-09,2144-07-09,0.256,Compra Bonificada
Latam Pass,1225000,2143-02-28,2144-08-28,0.257,Voo
TudoAzul,2430000,2143-03-08,2144-09-08,0.255,Compra Bonificada
Smiles,1205000,2143-04-17,2144-10-17,0.258,Cartão de Crédito
Latam Pass,1240000,2143-05-26,2144-11-26,0.260,Voo
TudoAzul,1190000,2143-06-08,2144-12-08,0.253,Cartão de Crédito
Smiles,2425000,2143-07-18,2145-01-18,0.257,Compra Bonificada
Latam Pass,1230000,2143-08-27,2145-02-27,0.258,Voo
TudoAzul,2440000,2143-09-02,2145-03-02,0.256,Compra Bonificada
Smiles,1210000,2143-10-12,2145-04-12,0.259,Cartão de Crédito
Latam Pass,1245000,2143-11-30,2145-05-30,0.261,Voo
TudoAzul,1195000,2143-12-22,2145-06-22,0.254,Cartão de Crédito
Smiles,2435000,2144-01-01,2145-07-01,0.258,Compra Bonificada
Latam Pass,1235000,2144-02-21,2145-08-21,0.259,Voo
TudoAzul,2450000,2144-03-07,2145-09-07,0.257,Compra Bonificada
Smiles,1215000,2144-04-06,2145-10-06,0.260,Cartão de Crédito
Latam Pass,1250000,2144-05-15,2145-11-15,0.262,Voo
TudoAzul,1200000,2144-06-24,2145-12-24,0.255,Cartão de Crédito
Smiles,2445000,2144-07-04,2146-01-04,0.259,Compra Bonificada
Latam Pass,1240000,2144-08-13,2146-02-13,0.260,Voo
TudoAzul,2460000,2144-09-23,2146-03-23,0.258,Compra Bonificada
Smiles,1220000,2144-10-02,2146-04-02,0.261,Cartão de Crédito
Latam Pass,1255000,2144-11-21,2146-05-21,0.263,Voo
TudoAzul,1205000,2144-12-11,2146-06-11,0.256,Cartão de Crédito
Smiles,2455000,2145-01-21,2146-07-21,0.260,Compra Bonificada
Latam Pass,1245000,2145-02-10,2146-08-10,0.261,Voo
TudoAzul,2470000,2145-03-05,2146-09-05,0.259,Compra Bonificada
Smiles,1225000,2145-04-15,2146-10-15,0.262,Cartão de Crédito
Latam Pass,1260000,2145-05-04,2146-11-04,0.264,Voo
TudoAzul,1210000,2145-06-14,2146-12-14,0.257,Cartão de Crédito
Smiles,2465000,2145-07-24,2147-01-24,0.261,Compra Bonificada
Latam Pass,1250000,2145-08-03,2147-02-03,0.262,Voo
TudoAzul,2480000,2145-09-12,2147-03-12,0.260,Compra Bonificada
Smiles,1230000,2145-10-23,2147-04-23,0.263,Cartão de Crédito
Latam Pass,1265000,2145-11-01,2147-05-01,0.265,Voo
TudoAzul,1215000,2145-12-20,2147-06-20,0.258,Cartão de Crédito
Smiles,2475000,2146-01-30,2147-07-30,0.262,Compra Bonificada
Latam Pass,1255000,2146-02-19,2147-08-19,0.263,Voo
TudoAzul,2490000,2146-03-14,2147-09-14,0.261,Compra Bonificada
Smiles,1235000,2146-04-03,2147-10-03,0.264,Cartão de Crédito
Latam Pass,1270000,2146-05-12,2147-11-12,0.266,Voo
TudoAzul,1220000,2146-06-21,2147-12-21,0.259,Cartão de Crédito
Smiles,2485000,2146-07-01,2148-01-01,0.263,Compra Bonificada
Latam Pass,1260000,2146-08-10,2148-02-10,0.264,Voo
TudoAzul,2500000,2146-09-19,2148-03-19,0.262,Compra Bonificada
Smiles,1240000,2146-10-28,2148-04-28,0.265,Cartão de Crédito
Latam Pass,1275000,2146-11-08,2148-05-08,0.267,Voo
TudoAzul,1225000,2146-12-27,2148-06-27,0.260,Cartão de Crédito
Smiles,2495000,2147-01-17,2148-07-17,0.264,Compra Bonificada
Latam Pass,1265000,2147-02-06,2148-08-06,0.265,Voo
TudoAzul,2510000,2147-03-01,2148-09-01,0.263,Compra Bonificada
Smiles,1245000,2147-04-11,2148-10-11,0.266,Cartão de Crédito
Latam Pass,1280000,2147-05-20,2148-11-20,0.268,Voo
TudoAzul,1230000,2147-06-03,2148-12-03,0.261,Cartão de Crédito
Smiles,2505000,2147-07-13,2149-01-13,0.265,Compra Bonificada
Latam Pass,1270000,2147-08-22,2149-02-22,0.266,Voo
TudoAzul,2520000,2147-09-06,2149-03-06,0.264,Compra Bonificada
Smiles,1250000,2147-10-30,2149-04-30,0.267,Cartão de Crédito
Latam Pass,1285000,2147-11-09,2149-05-09,0.269,Voo
TudoAzul,1235000,2147-12-19,2149-06-19,0.262,Cartão de Crédito
Smiles,2515000,2148-01-29,2149-07-29,0.266,Compra Bonificada
Latam Pass,1275000,2148-02-18,2149-08-18,0.267,Voo
TudoAzul,2530000,2148-03-13,2149-09-13,0.265,Compra Bonificada
Smiles,1255000,2148-04-02,2149-10-02,0.268,Cartão de Crédito
Latam Pass,1290000,2148-05-11,2149-11-11,0.270,Voo
TudoAzul,1240000,2148-06-20,2149-12-20,0.263,Cartão de Crédito
Smiles,2525000,2148-07-30,2150-01-30,0.267,Compra Bonificada
Latam Pass,1280000,2148-08-09,2150-02-09,0.268,Voo
TudoAzul,2540000,2148-09-18,2150-03-18,0.266,Compra Bonificada
Smiles,1260000,2148-10-27,2150-04-27,0.269,Cartão de Crédito
Latam Pass,1295000,2148-11-07,2150-05-07,0.271,Voo
TudoAzul,1245000,2148-12-26,2150-06-26,0.264,Cartão de Crédito
Smiles,2535000,2149-01-16,2150-07-16,0.268,Compra Bonificada
Latam Pass,1285000,2149-02-05,2150-08-05,0.269,Voo
TudoAzul,2550000,2149-03-11,2150-09-11,0.267,Compra Bonificada
Smiles,1265000,2149-04-21,2150-10-21,0.270,Cartão de Crédito
Latam Pass,1300000,2149-05-01,2150-11-01,0.272,Voo
TudoAzul,1250000,2149-06-10,2150-12-10,0.265,Cartão de Crédito
Smiles,2545000,2149-07-20,2151-01-20,0.269,Compra Bonificada
Latam Pass,1290000,2149-08-29,2151-02-29,0.270,Voo
TudoAzul,2560000,2149-09-04,2151-03-04,0.268,Compra Bonificada
Smiles,1270000,2149-10-19,2151-04-19,0.271,Cartão de Crédito

